width,N,q,F,h,T,seed,s_max,s_mean,steps_to_freeze,is_frozen,avg_mobility
10,100,160,3,0.5,0.2,10220613478303949550,0.02,0.02,200000,True,1.0
10,100,3200,3,0.05,0.2,12128963615726952124,0.010526315789473684,0.010526315789473684,200000,True,1.0
10,100,2400,3,0.05,0.8,12015654233998260496,0.010526315789473684,0.010526315789473684,200000,True,1.0
30,900,20,3,0.05,0.2,3346297689216020920,0.0011695906432748538,0.0011695906432748538,1800000,True,1.0
10,100,40,3,0.5,0.8,3498507078887447631,0.12,0.052631578947368425,233283,True,0.10000000000000002
10,100,40,3,0.05,0.8,16883602784331325232,0.11578947368421053,0.038461538461538464,302603,True,0.1157894736842105
10,100,2400,3,0.5,0.2,2365328665828993139,0.02,0.02,200000,True,1.0
10,100,300,3,0.05,0.8,2580941182556630443,0.05263157894736842,0.012658227848101266,605035,True,0.7578210526315791
30,900,40,3,0.5,0.2,14370871199486826064,0.0022222222222222222,0.0022222222222222222,1800000,True,1.0
20,400,800,3,0.05,0.2,17984313779289818228,0.002631578947368421,0.002631578947368421,800000,True,1.0
20,400,4800,3,0.5,0.8,17868308821893247909,0.01,0.005347593582887701,1717615,True,0.8699999999999998
20,400,120,3,0.05,0.2,12725237743234236874,0.002631578947368421,0.002631578947368421,800000,True,1.0
20,400,3200,3,0.5,0.5,6865080144958324824,0.005,0.005,800000,True,1.0
30,900,3200,3,0.05,0.8,11910309822442338526,0.0011695906432748538,0.0011695906432748538,1800000,True,0.9999988304093568
40,1600,4800,3,0.5,0.2,10735558190844100723,0.00125,0.00125,3200002,True,1.0
40,1600,1600,3,0.05,0.2,9810595167528600416,0.0006578947368421052,0.0006578947368421052,3200000,True,1.0
10,100,10,3,0.05,0.8,1147859419047045152,0.35789473684210527,0.2,135835,True,0.0
10,100,8000,3,0.05,0.5,16151307352237716401,0.010526315789473684,0.010526315789473684,200000,True,1.0
10,100,120,3,0.05,0.5,12924494288107586901,0.010526315789473684,0.010526315789473684,200000,True,1.0
10,100,10,3,0.5,0.2,18292817580133052210,0.02,0.02,200006,True,0.9994200000000001
20,400,2400,3,0.05,0.2,3842341132099323416,0.002631578947368421,0.002631578947368421,800000,True,1.0
20,400,600,3,0.5,0.5,15849285943850113385,0.005,0.005,800004,True,1.0
20,400,800,3,0.05,0.2,8284400122071448182,0.002631578947368421,0.002631578947368421,800000,True,1.0
20,400,600,3,0.05,0.2,15107412072314735267,0.002631578947368421,0.002631578947368421,800000,True,1.0
20,400,300,3,0.05,0.8,364706189753838028,0.042105263157894736,0.005952380952380952,7605062,True,0.2868421052631579
20,400,1200,3,0.05,0.8,16362593041790040027,0.002631578947368421,0.002631578947368421,800000,True,0.9999921052631578
20,400,40,3,0.05,0.5,3152448803997687657,0.002631578947368421,0.002631578947368421,1189044,True,0.9999921052631577
30,900,8000,3,0.5,0.2,3073009302361271137,0.0022222222222222222,0.0022222222222222222,1800000,True,1.0
10,100,40,3,0.05,0.2,4712180162817431894,0.010526315789473684,0.010526315789473684,200000,True,1.0
20,400,800,3,0.05,0.8,10697066231236324321,0.005263157894736842,0.002645502645502646,803920,True,0.9944342105263159
10,100,20,3,0.05,0.5,4819125692727149769,0.010526315789473684,0.010526315789473684,587790,True,0.9998947368421052
20,400,200,3,0.05,0.2,6367107661840676314,0.002631578947368421,0.002631578947368421,800000,True,1.0
30,900,300,3,0.5,0.5,2507560787649230671,0.0022222222222222222,0.0022222222222222222,1800002,True,0.9999977777777778
10,100,80,3,0.05,0.8,7405767747115646267,0.10526315789473684,0.027027027027027025,484000,True,0.24176842105263152
10,100,200,3,0.05,0.8,14521632408356202013,0.031578947368421054,0.013888888888888888,940207,True,0.5999684210526315
20,400,400,3,0.5,0.2,10284990495010252692,0.005,0.005,800000,True,1.0
10,100,600,3,0.05,0.8,403930549171363433,0.010526315789473684,0.010526315789473684,200000,True,1.0
40,1600,80,3,0.5,0.2,16151769631122198407,0.00125,0.00125,3200001,True,1.0
10,100,120,3,0.5,0.8,17607643878859881804,0.08,0.03225806451612903,248756,True,0.36
10,100,400,3,0.05,0.5,1084840871058434622,0.010526315789473684,0.010526315789473684,200000,True,1.0
40,1600,8000,3,0.5,0.2,10116828031281422182,0.00125,0.00125,3200000,True,1.0
10,100,200,3,0.05,0.5,15363850883803439459,0.010526315789473684,0.010526315789473684,200000,True,1.0
10,100,400,3,0.05,0.5,352401603947963974,0.010526315789473684,0.010526315789473684,200000,True,1.0
10,100,20,3,0.5,0.5,1472558775668733432,0.28,0.08333333333333334,710475,True,0.12056000000000003
40,1600,160,3,0.5,0.5,14370398704879628619,0.00125,0.00125,7590101,True,0.999855
20,400,3200,3,0.05,0.5,18334410233067280921,0.002631578947368421,0.002631578947368421,800000,True,1.0
40,1600,3200,3,0.05,0.5,774700507176071115,0.0006578947368421052,0.0006578947368421052,3200000,True,1.0
40,1600,2400,3,0.05,0.2,4649656617941949803,0.0006578947368421052,0.0006578947368421052,3200000,True,1.0
30,900,1600,3,0.5,0.5,6230744672014014181,0.0022222222222222222,0.0022222222222222222,1800001,True,1.0
20,400,200,3,0.5,0.5,14658292827765400546,0.005,0.005,1057542,True,0.999885
40,1600,800,3,0.05,0.2,8815037853500909670,0.0006578947368421052,0.0006578947368421052,3200000,True,1.0
40,1600,40,3,0.05,0.5,14135142950104144268,0.0006578947368421052,0.0006578947368421052,8352273,True,0.9999940789473684
10,100,2400,3,0.05,0.2,3965026410453805807,0.010526315789473684,0.010526315789473684,200000,True,1.0
30,900,800,3,0.5,0.2,14272082526189283155,0.0022222222222222222,0.0022222222222222222,1800000,True,1.0
40,1600,1600,3,0.05,0.5,16375895934141568812,0.0006578947368421052,0.0006578947368421052,3200000,True,1.0
40,1600,80,3,0.5,0.2,1516217911014423827,0.00125,0.00125,3200001,True,1.0
10,100,160,3,0.05,0.8,11246438051279813731,0.05263157894736842,0.013157894736842105,566040,True,0.6952947368421053
40,1600,400,3,0.05,0.5,8051088148955762582,0.0006578947368421052,0.0006578947368421052,3200000,True,1.0
40,1600,120,3,0.5,0.2,12492697111168622096,0.00125,0.00125,3200001,True,1.0
30,900,8000,3,0.5,0.5,18114057926433217219,0.0022222222222222222,0.0022222222222222222,1800000,True,1.0
40,1600,800,3,0.5,0.2,17632555608602149162,0.00125,0.00125,3200001,True,1.0
10,100,2400,3,0.5,0.5,15173966405803272056,0.02,0.02,200000,True,1.0
40,1600,300,3,0.05,0.5,13863190577803777000,0.0006578947368421052,0.0006578947368421052,3200000,True,1.0
10,100,4800,3,0.05,0.8,4034995713265068314,0.010526315789473684,0.010526315789473684,200000,True,1.0
20,400,4800,3,0.05,0.2,12176890830130815941,0.002631578947368421,0.002631578947368421,800002,True,1.0
40,1600,1600,3,0.5,0.8,8710010051705643257,0.0075,0.0021551724137931034,16580598,True,0.32034875
30,900,120,3,0.5,0.5,5175253477169299298,0.0044444444444444444,0.0022271714922048997,5681023,True,0.9993933333333332
40,1600,300,3,0.05,0.2,9100652179480523613,0.0006578947368421052,0.0006578947368421052,3200000,True,1.0
10,100,40,3,0.5,0.5,14157766093567519597,0.02,0.02,754962,True,0.9838
40,1600,200,3,0.05,0.5,17264602498513140283,0.0006578947368421052,0.0006578947368421052,3200002,True,1.0
40,1600,1200,3,0.5,0.8,10966765963834128268,0.0075,0.002369668246445498,13355057,True,0.24701124999999996
30,900,4800,3,0.5,0.5,1072959903222734110,0.0022222222222222222,0.0022222222222222222,1800001,True,1.0
30,900,200,3,0.5,0.8,1062482946168691415,0.024444444444444446,0.0071428571428571435,4213433,True,0.024437777777777774
10,100,600,3,0.5,0.5,15986678793178241375,0.02,0.02,200001,True,1.0
20,400,400,3,0.05,0.5,7377546303425772264,0.002631578947368421,0.002631578947368421,800000,True,1.0
30,900,8000,3,0.5,0.8,18353614939443586715,0.006666666666666667,0.0024330900243309003,7539399,True,0.8311111111111114
30,900,160,3,0.5,0.5,1398074943447275716,0.0022222222222222222,0.0022222222222222222,2874721,True,0.9997688888888889
10,100,80,3,0.05,0.8,11362524419951385688,0.09473684210526316,0.028571428571428574,629567,True,0.14736842105263157
30,900,2400,3,0.05,0.5,10985961175825081962,0.0011695906432748538,0.0011695906432748538,1800000,True,1.0
40,1600,800,3,0.5,0.8,13123875059414222813,0.01125,0.0029585798816568047,13257091,True,0.13296500000000003
10,100,80,3,0.05,0.2,13564579424422448636,0.010526315789473684,0.010526315789473684,200000,True,1.0
30,900,4800,3,0.05,0.8,15405862096147009457,0.0011695906432748538,0.0011695906432748538,1800000,True,0.9999976608187134
30,900,120,3,0.05,0.5,11619705247459460572,0.0011695906432748538,0.0011695906432748538,1800000,True,0.9999988304093568
30,900,1200,3,0.5,0.8,18223728991912716706,0.011111111111111112,0.0034602076124567475,5954050,True,0.3937755555555556
20,400,120,3,0.5,0.5,3472445647473732349,0.005,0.005,1557586,True,0.9990699999999999
10,100,600,3,0.5,0.8,17930114241859120218,0.04,0.02127659574468085,237197,True,0.8800000000000002
40,1600,3200,3,0.5,0.8,3523159715611348453,0.005,0.0017123287671232876,18811873,True,0.5162450000000001
30,900,20,3,0.5,0.8,13481434657426988263,0.03111111111111111,0.010309278350515465,1156834,True,0.0
20,400,40,3,0.5,0.5,2509340170978293225,0.255,0.045454545454545456,14815513,True,0.026895000000000006
20,400,80,3,0.5,0.8,6824360958396714043,0.045,0.017543859649122806,1399572,True,0.01
30,900,160,3,0.05,0.8,14670526690925949837,0.03625730994152047,0.00704225352112676,15162595,True,0.021021052631578954
20,400,400,3,0.05,0.8,1454561966761883835,0.031578947368421054,0.004975124378109453,15960818,True,0.3696973684210526
10,100,300,3,0.5,0.2,5089731916140738396,0.02,0.02,200000,True,1.0
10,100,1200,3,0.05,0.2,13583918929511845862,0.010526315789473684,0.010526315789473684,200000,True,1.0
30,900,600,3,0.05,0.2,12278711364672580576,0.0011695906432748538,0.0011695906432748538,1800000,True,1.0
30,900,160,3,0.05,0.5,16445075145243991725,0.0011695906432748538,0.0011695906432748538,1800000,True,1.0
40,1600,300,3,0.5,0.8,13858992083148079570,0.015,0.004149377593360996,8293508,True,0.0262475
20,400,1200,3,0.05,0.8,9477242403186477964,0.002631578947368421,0.002631578947368421,1001725,True,0.9999894736842104
10,100,300,3,0.5,0.2,2414624945311074615,0.02,0.02,200000,True,1.0
20,400,600,3,0.5,0.2,12831428450161439141,0.005,0.005,800003,True,1.0
10,100,120,3,0.05,0.2,15516959880561462183,0.010526315789473684,0.010526315789473684,200000,True,1.0
20,400,8000,3,0.05,0.8,9599358351961245548,0.002631578947368421,0.002631578947368421,800000,True,1.0
40,1600,300,3,0.5,0.5,12700547022457619552,0.00125,0.00125,5398317,True,0.99996125
30,900,2400,3,0.5,0.5,4585543744561014788,0.0022222222222222222,0.0022222222222222222,1800000,True,1.0
10,100,1200,3,0.05,0.2,992778615903329148,0.010526315789473684,0.010526315789473684,200001,True,1.0
30,900,200,3,0.05,0.5,103993109542530147,0.0011695906432748538,0.0011695906432748538,1800000,True,1.0
20,400,160,3,0.05,0.8,15963619126024396552,0.039473684210526314,0.009345794392523364,6268552,True,0.1078921052631579
40,1600,8000,3,0.5,0.5,16993255401650781561,0.00125,0.00125,3200001,True,1.0
10,100,160,3,0.05,0.2,5567649425108810898,0.010526315789473684,0.010526315789473684,200000,True,1.0
20,400,40,3,0.5,0.2,17571065967528422938,0.005,0.005,800000,True,1.0
40,1600,160,3,0.05,0.5,16775751153447072138,0.0006578947368421052,0.0006578947368421052,3200000,True,0.9999993421052632
30,900,120,3,0.05,0.8,16312836756334843660,0.04678362573099415,0.008771929824561403,25834442,True,0.01052631578947369
40,1600,1600,3,0.5,0.5,1889473256667703901,0.00125,0.00125,3200001,True,1.0
40,1600,80,3,0.05,0.8,9511877288190761416,0.10921052631578948,0.00819672131147541,25130968,True,0.001970394736842105
10,100,1600,3,0.05,0.8,6733142816195422020,0.010526315789473684,0.010526315789473684,200000,True,0.9999894736842104
30,900,2400,3,0.5,0.5,8143830727592457313,0.0022222222222222222,0.0022222222222222222,1800000,True,1.0
10,100,300,3,0.5,0.5,11285422906087592054,0.02,0.02,200001,True,1.0
20,400,80,3,0.5,0.2,745702318115407237,0.005,0.005,800000,True,1.0
30,900,120,3,0.5,0.8,15963312233328375029,0.02666666666666667,0.008547008547008548,3545437,True,0.007711111111111111
10,100,80,3,0.5,0.2,2939801604495422588,0.02,0.02,200002,True,1.0
10,100,4800,3,0.5,0.5,5206360958390242536,0.02,0.02,200000,True,1.0
30,900,120,3,0.05,0.8,3945651643423531091,0.0304093567251462,0.008695652173913044,12929851,True,0.00935672514619883
30,900,200,3,0.05,0.8,7618680136191976774,0.029239766081871343,0.006451612903225807,29540371,True,0.03391812865497074
40,1600,1200,3,0.5,0.2,1499026055553738145,0.00125,0.00125,3200001,True,1.0
20,400,120,3,0.5,0.5,17141940991341388304,0.01,0.005025125628140703,1026305,True,0.99948
20,400,160,3,0.05,0.2,11909444045751720591,0.002631578947368421,0.002631578947368421,800000,True,1.0
20,400,2400,3,0.05,0.2,1728925228588436624,0.002631578947368421,0.002631578947368421,800000,True,1.0
10,100,200,3,0.5,0.8,12962125461473250430,0.1,0.027027027027027025,297982,True,0.54
20,400,2400,3,0.5,0.8,14606721614995677314,0.015,0.005747126436781609,1729137,True,0.75001
20,400,8000,3,0.5,0.8,14436829846502497682,0.01,0.005181347150259067,1235153,True,0.9299999999999998
10,100,800,3,0.05,0.8,13049746643469042598,0.010526315789473684,0.010526315789473684,200000,True,1.0
10,100,80,3,0.5,0.5,4657925643958315004,0.02,0.02,200003,True,1.0
10,100,10,3,0.05,0.2,5474812099440076462,0.010526315789473684,0.010526315789473684,200000,True,1.0
30,900,800,3,0.5,0.8,11508368890586812397,0.011111111111111112,0.003861003861003861,5520533,True,0.3077533333333333
30,900,80,3,0.05,0.5,3372679194610505820,0.0011695906432748538,0.0011695906432748538,1800000,True,0.9999988304093568
40,1600,8000,3,0.5,0.8,15343895031150725939,0.005,0.00145985401459854,20557822,True,0.7349999999999999
30,900,3200,3,0.05,0.5,16323994857032000451,0.0011695906432748538,0.0011695906432748538,1800000,True,1.0
10,100,200,3,0.5,0.5,7808891210314772671,0.02,0.02,200001,True,1.0
20,400,20,3,0.5,0.5,14053037762168547202,0.11,0.05555555555555555,4944923,True,0.015160000000000007
40,1600,8000,3,0.05,0.5,4349151244745280377,0.0006578947368421052,0.0006578947368421052,3200000,True,1.0
30,900,20,3,0.05,0.8,3926560440687895870,0.1871345029239766,0.02564102564102564,4270873,True,0.0
20,400,3200,3,0.05,0.5,8001390492254383160,0.002631578947368421,0.002631578947368421,800001,True,1.0
20,400,4800,3,0.05,0.8,13041214440081479710,0.002631578947368421,0.002631578947368421,800000,True,0.9999921052631577
40,1600,80,3,0.05,0.2,11950695696369741537,0.0006578947368421052,0.0006578947368421052,3200000,True,1.0
20,400,10,3,0.5,0.5,719427283600294932,0.235,0.07142857142857144,3968100,True,0.0
30,900,40,3,0.05,0.5,17779601098432544145,0.0011695906432748538,0.0011695906432748538,1862848,True,0.9999976608187134
10,100,80,3,0.5,0.5,15994000694109157423,0.02,0.02,200001,True,1.0
40,1600,160,3,0.05,0.8,2828938038656302522,0.02894736842105263,0.00558659217877095,44970961,True,0.006578947368421051
10,100,10,3,0.5,0.2,10356611966934998762,0.02,0.02,200001,True,1.0
30,900,8000,3,0.05,0.2,15857614834024091974,0.0011695906432748538,0.0011695906432748538,1800000,True,1.0
20,400,600,3,0.5,0.8,11456582992718038420,0.02,0.007692307692307693,2028802,True,0.37999999999999995
30,900,40,3,0.05,0.5,14450406134096416750,0.0011695906432748538,0.0011695906432748538,5375664,True,0.9999918128654972
10,100,3200,3,0.5,0.5,14929323517713814626,0.02,0.02,200001,True,1.0
20,400,10,3,0.05,0.2,5757627795775645259,0.005263157894736842,0.002638522427440633,800000,True,1.0
40,1600,1200,3,0.5,0.5,18171861001651730732,0.00125,0.00125,3200000,True,1.0
10,100,200,3,0.05,0.2,11553307516196011443,0.010526315789473684,0.010526315789473684,200000,True,1.0
40,1600,3200,3,0.05,0.2,15834378294750924498,0.0006578947368421052,0.0006578947368421052,3200000,True,1.0
30,900,40,3,0.5,0.8,5753645163120730099,0.02666666666666667,0.008695652173913044,1184502,True,0.0
40,1600,2400,3,0.5,0.8,8785847435639647056,0.00625,0.00186219739292365,15151142,True,0.424685
40,1600,20,3,0.05,0.8,16185064881825807991,0.3335526315789474,0.023809523809523808,24148970,True,0.0
30,900,40,3,0.5,0.8,18258275767334284861,0.022222222222222223,0.009523809523809523,1099205,True,0.0
40,1600,1600,3,0.5,0.5,9372014223617860547,0.00125,0.00125,3200001,True,1.0
30,900,4800,3,0.05,0.2,9322344265907159045,0.0011695906432748538,0.0011695906432748538,1800000,True,1.0
20,400,120,3,0.5,0.2,2074063760007213065,0.005,0.005,800000,True,1.0
40,1600,300,3,0.05,0.8,2535640869850246103,0.030263157894736843,0.00392156862745098,64723400,True,0.029478947368421052
30,900,600,3,0.05,0.2,14642799010256279413,0.0011695906432748538,0.0011695906432748538,1800000,True,1.0
10,100,3200,3,0.05,0.2,3823545877927323820,0.010526315789473684,0.010526315789473684,200000,True,1.0
30,900,600,3,0.5,0.5,7168128497606723544,0.0022222222222222222,0.0022222222222222222,1800000,True,1.0
40,1600,3200,3,0.05,0.8,2116570230518304197,0.0013157894736842105,0.0006587615283267457,4843432,True,0.9973677631578944
30,900,4800,3,0.05,0.5,8567616403301918875,0.0011695906432748538,0.0011695906432748538,1800000,True,1.0
40,1600,2400,3,0.05,0.5,14692830356793867451,0.0006578947368421052,0.0006578947368421052,3200000,True,1.0
10,100,4800,3,0.05,0.5,11221134293909374475,0.010526315789473684,0.010526315789473684,200000,True,1.0
30,900,120,3,0.5,0.8,17289321589749742703,0.02,0.007874015748031496,3332223,True,0.006666666666666667
30,900,400,3,0.5,0.8,2902040766534200479,0.015555555555555555,0.005617977528089888,5852622,True,0.10567999999999998
20,400,1600,3,0.05,0.8,304065674679256884,0.005263157894736842,0.002638522427440633,800000,True,0.9966684210526316
30,900,800,3,0.5,0.5,4564123505891394491,0.0022222222222222222,0.0022222222222222222,1800001,True,1.0
20,400,80,3,0.05,0.5,16128273597976466211,0.002631578947368421,0.002631578947368421,800000,True,0.9999973684210527
20,400,2400,3,0.5,0.2,2728852621846185212,0.005,0.005,800000,True,1.0
20,400,300,3,0.05,0.8,7988058076522890151,0.03684210526315789,0.005780346820809248,8301033,True,0.29694473684210526
20,400,800,3,0.5,0.8,11017286844987923960,0.025,0.006944444444444444,2054005,True,0.49000000000000016
20,400,1200,3,0.5,0.2,5096894358777122878,0.005,0.005,800001,True,1.0
20,400,160,3,0.5,0.2,15045369105848267,0.005,0.005,800001,True,1.0
30,900,200,3,0.5,0.5,10887603252526653514,0.0022222222222222222,0.0022222222222222222,3109719,True,0.99992
40,1600,4800,3,0.05,0.8,4828523275284253266,0.0006578947368421052,0.0006578947368421052,3200000,True,1.0
20,400,3200,3,0.5,0.5,17855633943274998224,0.005,0.005,800002,True,1.0
30,900,600,3,0.05,0.2,11865962854013940840,0.0011695906432748538,0.0011695906432748538,1800000,True,1.0
20,400,1600,3,0.5,0.8,9751576431317839500,0.015,0.005780346820809249,1758027,True,0.743585
20,400,800,3,0.05,0.8,12573068713558413129,0.005263157894736842,0.002666666666666667,2141690,True,0.9778947368421055
40,1600,40,3,0.05,0.2,15266703247193383223,0.0006578947368421052,0.0006578947368421052,3200000,True,1.0
30,900,300,3,0.05,0.8,1420006954624933670,0.0304093567251462,0.005076142131979695,52368694,True,0.05990994152046783
30,900,3200,3,0.05,0.5,4744842128568313482,0.0011695906432748538,0.0011695906432748538,1800000,True,1.0
20,400,200,3,0.05,0.2,3213527419375535383,0.002631578947368421,0.002631578947368421,800000,True,1.0
30,900,120,3,0.05,0.5,11566308175620320616,0.0011695906432748538,0.0011695906432748538,1800000,True,0.9999988304093568
20,400,160,3,0.5,0.5,18422537903651407823,0.01,0.005025125628140703,817427,True,0.999845
30,900,40,3,0.5,0.5,8597448323917466250,0.10444444444444445,0.029411764705882353,35232095,True,0.0022222222222222222
10,100,400,3,0.05,0.8,1841847231543543323,0.021052631578947368,0.01075268817204301,363023,True,0.9578421052631579
30,900,20,3,0.5,0.5,1113124392607478785,0.02666666666666667,0.002369668246445498,100000000,False,-1.0
30,900,400,3,0.05,0.2,13416315182312597794,0.0011695906432748538,0.0011695906432748538,1800000,True,1.0
40,1600,8000,3,0.05,0.2,1762028487883292040,0.0006578947368421052,0.0006578947368421052,3200000,True,1.0
30,900,160,3,0.05,0.5,9388567590562103716,0.0011695906432748538,0.0011695906432748538,1800000,True,1.0
20,400,8000,3,0.5,0.2,6482041958897268618,0.005,0.005,800000,True,1.0
20,400,80,3,0.05,0.2,6633474855501602343,0.002631578947368421,0.002631578947368421,800000,True,1.0
10,100,80,3,0.5,0.2,888399817529385362,0.02,0.02,200000,True,1.0
10,100,200,3,0.5,0.5,9769181691712646933,0.02,0.02,200001,True,1.0
20,400,800,3,0.05,0.2,7689935021284166359,0.002631578947368421,0.002631578947368421,800000,True,1.0
40,1600,4800,3,0.5,0.2,1153708895644518144,0.00125,0.00125,3200000,True,1.0
10,100,2400,3,0.05,0.8,4286795429103817041,0.010526315789473684,0.010526315789473684,200000,True,1.0
20,400,800,3,0.5,0.2,5627411305787720077,0.005,0.005,800000,True,1.0
20,400,20,3,0.5,0.2,8716810011139779719,0.005,0.005,800004,True,0.99997
10,100,8000,3,0.05,0.8,6604603709290470612,0.010526315789473684,0.010526315789473684,200000,True,1.0
10,100,300,3,0.05,0.2,3011099051123194163,0.010526315789473684,0.010526315789473684,200000,True,1.0
40,1600,600,3,0.5,0.5,4465219232515354594,0.00125,0.00125,3200002,True,0.99998875
40,1600,40,3,0.05,0.2,10810649545148661450,0.0006578947368421052,0.0006578947368421052,3200000,True,1.0
40,1600,20,3,0.5,0.5,12140674963098401802,0.0025,0.0012804097311139564,100000000,False,-1.0
30,900,10,3,0.05,0.2,1585225430702202989,0.0011695906432748538,0.0011695906432748538,1800000,True,1.0
30,900,400,3,0.5,0.8,1762898103673886152,0.015555555555555555,0.0055248618784530384,5221984,True,0.13777777777777778
20,400,200,3,0.5,0.8,8044484196845357166,0.035,0.011764705882352941,1375700,True,0.125
10,100,10,3,0.05,0.2,10435772521141412050,0.021052631578947368,0.010638297872340427,200000,True,1.0
20,400,40,3,0.5,0.5,7911475495369003041,0.18,0.04,10400761,True,0.023875000000000007
30,900,400,3,0.05,0.2,10978417238593061646,0.0011695906432748538,0.0011695906432748538,1800000,True,1.0
20,400,1600,3,0.5,0.8,3888667783888686600,0.015,0.005813953488372093,1429825,True,0.743975
10,100,400,3,0.5,0.5,9448599140897739502,0.02,0.02,200000,True,1.0
20,400,300,3,0.05,0.2,5464733626810386401,0.002631578947368421,0.002631578947368421,800000,True,1.0
20,400,10,3,0.05,0.5,3366946103457329394,0.005263157894736842,0.002666666666666667,100000000,False,-1.0
10,100,10,3,0.05,0.5,419199583074063920,0.021052631578947368,0.010638297872340427,100000000,False,-1.0
30,900,10,3,0.5,0.5,17276613223998117760,0.02,0.0024330900243309003,100000000,False,-1.0
10,100,400,3,0.5,0.2,17468867211878538475,0.02,0.02,200000,True,1.0
40,1600,8000,3,0.5,0.2,13494208471131166690,0.00125,0.00125,3200000,True,1.0
10,100,20,3,0.5,0.8,13918624102454594389,0.16,0.07142857142857144,221202,True,0.02
20,400,1200,3,0.05,0.8,18079916817740230117,0.005263157894736842,0.002638522427440633,903022,True,0.9947315789473684
20,400,3200,3,0.05,0.8,17231375036606084972,0.002631578947368421,0.002631578947368421,800000,True,0.9999973684210527
10,100,2400,3,0.05,0.8,2345031959668547856,0.010526315789473684,0.010526315789473684,200000,True,1.0
20,400,4800,3,0.5,0.5,4576701768476468835,0.005,0.005,800000,True,1.0
10,100,600,3,0.05,0.2,7271367565352983297,0.010526315789473684,0.010526315789473684,200000,True,1.0
10,100,8000,3,0.05,0.2,5004848123804335049,0.010526315789473684,0.010526315789473684,200000,True,1.0
30,900,80,3,0.05,0.8,10840713897112088490,0.05263157894736842,0.010101010101010102,9744500,True,0.008183625730994152
30,900,40,3,0.5,0.5,12320752802351043781,0.09777777777777778,0.027027027027027025,72680713,True,0.007148888888888889
20,400,40,3,0.5,0.5,7579568027640167510,0.15,0.047619047619047616,9815169,True,0.021520000000000004
20,400,2400,3,0.5,0.5,13379269629341172618,0.005,0.005,800001,True,1.0
10,100,2400,3,0.5,0.2,12607757226421660886,0.02,0.02,200000,True,1.0
30,900,300,3,0.5,0.8,2531813211633181063,0.017777777777777778,0.006622516556291391,5057138,True,0.06666666666666665
20,400,2400,3,0.05,0.8,2420339181593066957,0.002631578947368421,0.002631578947368421,800000,True,1.0
10,100,120,3,0.05,0.2,8798983339503234763,0.010526315789473684,0.010526315789473684,200000,True,1.0
10,100,40,3,0.05,0.8,18206003142896996070,0.17894736842105263,0.038461538461538464,352065,True,0.09473684210526317
10,100,20,3,0.5,0.8,7637766495658758077,0.14,0.06666666666666667,218229,True,0.04
30,900,8000,3,0.5,0.2,10147445102317577499,0.0022222222222222222,0.0022222222222222222,1800003,True,1.0
40,1600,8000,3,0.5,0.5,16636669555377509982,0.00125,0.00125,3200000,True,1.0
10,100,80,3,0.5,0.5,8914709040173364158,0.02,0.02,214196,True,0.9978800000000001
30,900,800,3,0.05,0.8,17277663871060267164,0.016374269005847954,0.0022222222222222222,98005652,True,0.36886198830409345
30,900,400,3,0.05,0.5,7807878154469658784,0.0011695906432748538,0.0011695906432748538,1800000,True,1.0
10,100,3200,3,0.5,0.5,13763246312508853783,0.02,0.02,200003,True,1.0
10,100,40,3,0.05,0.2,1882111206629436468,0.010526315789473684,0.010526315789473684,200000,True,1.0
30,900,20,3,0.05,0.5,13381786224801335908,0.0023391812865497076,0.0011709601873536298,100000000,False,-1.0
30,900,600,3,0.5,0.2,15596422571293398002,0.0022222222222222222,0.0022222222222222222,1800002,True,1.0
30,900,120,3,0.05,0.5,1532274633301862785,0.0011695906432748538,0.0011695906432748538,1800000,True,1.0
30,900,200,3,0.05,0.8,9283326700131803638,0.023391812865497075,0.006802721088435374,33404857,True,0.029239766081871343
40,1600,1200,3,0.05,0.8,4126235441941813742,0.0013157894736842105,0.0006583278472679395,4661384,True,0.9986769736842103
30,900,400,3,0.05,0.5,9829857201680293210,0.0011695906432748538,0.0011695906432748538,1800000,True,1.0
10,100,10,3,0.05,0.5,5481504983613754336,0.021052631578947368,0.010638297872340427,100000000,False,-1.0
10,100,120,3,0.05,0.8,8874275418821022654,0.10526315789473684,0.016666666666666666,564897,True,0.504863157894737
10,100,40,3,0.05,0.2,16832110382177132009,0.010526315789473684,0.010526315789473684,200000,True,1.0
40,1600,600,3,0.5,0.5,3995901733158563069,0.00125,0.00125,4593666,True,0.99999
40,1600,4800,3,0.05,0.5,6045667447606319731,0.0006578947368421052,0.0006578947368421052,3200000,True,1.0
20,400,10,3,0.05,0.5,13587011255417650991,0.005263157894736842,0.002645502645502646,100000000,False,-1.0
20,400,20,3,0.5,0.5,493218013528525285,0.33,0.06666666666666667,5488325,True,0.0
20,400,1200,3,0.5,0.2,12333386915521798864,0.005,0.005,800001,True,1.0
20,400,800,3,0.5,0.8,6118043024054454988,0.02,0.006756756756756756,1565967,True,0.53999
30,900,800,3,0.05,0.8,2549652364647509271,0.014035087719298246,0.002347417840375587,87248980,True,0.32280584795321643
20,400,120,3,0.5,0.2,10007370190595936593,0.005,0.005,800004,True,1.0
20,400,8000,3,0.05,0.5,4286786317592394801,0.002631578947368421,0.002631578947368421,800000,True,1.0
40,1600,600,3,0.05,0.8,11217611469738194782,0.0125,0.0024630541871921183,100000000,False,-1.0
30,900,800,3,0.5,0.8,6693226817979921748,0.011111111111111112,0.0038910505836575876,6793037,True,0.26888666666666666
10,100,40,3,0.5,0.8,17329193595856010476,0.1,0.05,213841,True,0.10000000000000002
30,900,20,3,0.5,0.2,9412015920417545997,0.0022222222222222222,0.0022222222222222222,1800002,True,0.9999733333333334
40,1600,40,3,0.05,0.8,814214926525612160,0.08157894736842106,0.011363636363636364,6084050,True,0.0
20,400,200,3,0.5,0.2,15413253605264320023,0.005,0.005,800000,True,1.0
30,900,8000,3,0.05,0.8,2882834147765211586,0.0011695906432748538,0.0011695906432748538,1800000,True,1.0
10,100,200,3,0.5,0.5,6246217989984760383,0.02,0.02,200001,True,1.0
20,400,600,3,0.5,0.5,8157915921974940079,0.005,0.005,800000,True,1.0
30,900,800,3,0.05,0.5,972815932211291753,0.0011695906432748538,0.0011695906432748538,1800000,True,1.0
30,900,20,3,0.5,0.2,6770164480268196898,0.0022222222222222222,0.0022222222222222222,1800000,True,0.9999422222222222
10,100,10,3,0.5,0.8,11147099519156340841,0.26,0.125,110056,True,0.0
40,1600,20,3,0.05,0.5,4431900924332428615,0.0013157894736842105,0.0006596306068601583,100000000,False,-1.0
30,900,800,3,0.5,0.5,17783724187909935833,0.0022222222222222222,0.0022222222222222222,2117698,True,0.9999777777777777
40,1600,10,3,0.05,0.5,14351809620643855425,0.0013157894736842105,0.0006609385327164573,100000000,False,-1.0
10,100,300,3,0.5,0.5,4476680188166627323,0.02,0.02,200000,True,1.0
40,1600,40,3,0.05,0.5,8318824506004845222,0.0006578947368421052,0.0006578947368421052,5161227,True,0.9999927631578948
10,100,8000,3,0.5,0.5,3862442569689434093,0.02,0.02,200000,True,1.0
20,400,600,3,0.5,0.2,14768421751818178093,0.005,0.005,800009,True,1.0
10,100,20,3,0.5,0.8,9549993688784828791,0.28,0.09090909090909091,108778,True,0.0
10,100,20,3,0.05,0.5,1077547566961215665,0.010526315789473684,0.010526315789473684,204198,True,0.999957894736842
10,100,4800,3,0.5,0.2,956013195816336089,0.02,0.02,200001,True,1.0
10,100,40,3,0.05,0.8,17366808660368743649,0.15789473684210525,0.03333333333333333,311771,True,0.1157894736842105
20,400,800,3,0.5,0.8,8649843901755014822,0.025,0.006993006993006993,1998519,True,0.49500000000000005
10,100,2400,3,0.5,0.5,3808693075890744897,0.02,0.02,200000,True,1.0
10,100,8000,3,0.05,0.8,18163866269994108207,0.010526315789473684,0.010526315789473684,200000,True,1.0
20,400,600,3,0.05,0.5,12142861266980078468,0.002631578947368421,0.002631578947368421,800001,True,1.0
10,100,3200,3,0.05,0.8,6300750904854565163,0.010526315789473684,0.010526315789473684,200000,True,1.0
10,100,200,3,0.5,0.5,12282581708680761929,0.02,0.02,200000,True,1.0
10,100,800,3,0.5,0.2,13198741580404161208,0.02,0.02,200002,True,1.0
10,100,80,3,0.5,0.2,3244729597268345260,0.02,0.02,200000,True,1.0
30,900,160,3,0.5,0.8,4006398028294424980,0.03333333333333333,0.007751937984496124,3143539,True,0.02027777777777778
20,400,1200,3,0.05,0.8,9442756591466735055,0.002631578947368421,0.002631578947368421,800000,True,1.0
40,1600,300,3,0.05,0.5,11453214218541575803,0.0006578947368421052,0.0006578947368421052,3200000,True,1.0
20,400,4800,3,0.5,0.5,6106862691676537707,0.005,0.005,800003,True,1.0
30,900,800,3,0.5,0.8,11921860057636945059,0.013333333333333334,0.004098360655737705,7291758,True,0.2511111111111112
30,900,40,3,0.05,0.2,14102023429858481624,0.0011695906432748538,0.0011695906432748538,1800000,True,1.0
20,400,1200,3,0.5,0.2,3867320702582120389,0.005,0.005,800000,True,1.0
20,400,800,3,0.05,0.5,18067735841787258997,0.002631578947368421,0.002631578947368421,800000,True,1.0
40,1600,20,3,0.5,0.2,1257007294304681506,0.00125,0.00125,4047651,True,0.99995125
30,900,4800,3,0.5,0.2,5965024830276294694,0.0022222222222222222,0.0022222222222222222,1800001,True,1.0
40,1600,80,3,0.05,0.5,10257262258500177257,0.0006578947368421052,0.0006578947368421052,3200000,True,0.9999993421052632
10,100,40,3,0.5,0.2,4941677821028317029,0.02,0.02,200005,True,1.0
40,1600,80,3,0.05,0.2,9726147155249470038,0.0006578947368421052,0.0006578947368421052,3200000,True,1.0
20,400,4800,3,0.5,0.2,435410462014395875,0.005,0.005,800001,True,1.0
40,1600,1200,3,0.5,0.2,8760708270763613370,0.00125,0.00125,3200000,True,1.0
30,900,1200,3,0.05,0.2,15292472708299572285,0.0011695906432748538,0.0011695906432748538,1800000,True,1.0
10,100,1200,3,0.05,0.8,7208348564807383322,0.031578947368421054,0.01075268817204301,341789,True,0.9684210526315787
40,1600,80,3,0.5,0.2,9984219577671470231,0.00125,0.00125,3200000,True,1.0
10,100,80,3,0.5,0.5,7606254971114517621,0.02,0.02,200002,True,1.0
40,1600,20,3,0.5,0.5,8221328755634534762,0.03125,0.0013210039630118893,100000000,False,-1.0
30,900,3200,3,0.5,0.2,6609612866158749678,0.0022222222222222222,0.0022222222222222222,1800004,True,1.0
20,400,3200,3,0.05,0.5,8846257877116975797,0.002631578947368421,0.002631578947368421,800000,True,1.0
20,400,8000,3,0.05,0.5,14855372348324958058,0.002631578947368421,0.002631578947368421,800000,True,1.0
30,900,40,3,0.5,0.8,15214568077714098808,0.04888888888888889,0.009523809523809523,1150639,True,0.0
10,100,4800,3,0.5,0.8,10686757696663492080,0.02,0.02,200001,True,1.0
20,400,120,3,0.5,0.2,12101063743495402310,0.005,0.005,800001,True,1.0
10,100,200,3,0.5,0.5,12958222461760808682,0.02,0.02,200000,True,1.0
20,400,1200,3,0.05,0.2,17481867000810482334,0.002631578947368421,0.002631578947368421,800000,True,1.0
10,100,600,3,0.5,0.5,5860323865957851093,0.02,0.02,200002,True,1.0
30,900,20,3,0.5,0.2,15927065451272851334,0.0022222222222222222,0.0022222222222222222,1800000,True,0.9999511111111111
10,100,20,3,0.05,0.2,2895500113201303579,0.010526315789473684,0.010526315789473684,200000,True,1.0
40,1600,1600,3,0.05,0.5,18247482185105722546,0.0006578947368421052,0.0006578947368421052,3200000,True,1.0
30,900,120,3,0.5,0.8,1451165675200843666,0.02,0.008620689655172414,4204048,True,0.008888888888888889
30,900,300,3,0.5,0.5,7147642433010257966,0.0022222222222222222,0.0022222222222222222,3574117,True,0.9999422222222222
40,1600,200,3,0.05,0.5,6538794917954114943,0.0006578947368421052,0.0006578947368421052,3200000,True,1.0
10,100,800,3,0.5,0.8,7806443989283179226,0.04,0.021739130434782608,211920,True,0.84
30,900,600,3,0.5,0.5,14164118199303932514,0.0022222222222222222,0.0022222222222222222,1800003,True,0.9999977777777778
40,1600,400,3,0.5,0.5,5850868045691921231,0.00125,0.00125,4740560,True,0.9999750000000001
10,100,1600,3,0.05,0.2,15192852138817800119,0.010526315789473684,0.010526315789473684,200000,True,1.0
10,100,8000,3,0.5,0.8,157829403174707752,0.04,0.020408163265306124,215749,True,0.9600000000000004
10,100,10,3,0.5,0.2,16207104290893945882,0.02,0.02,200001,True,0.99968
20,400,400,3,0.05,0.8,1927556773494684962,0.034210526315789476,0.004651162790697674,13032986,True,0.38683947368421046
40,1600,600,3,0.05,0.8,17832641448668016020,0.015789473684210527,0.0024271844660194177,100000000,False,-1.0
40,1600,400,3,0.5,0.2,9579324384472096300,0.00125,0.00125,3200001,True,1.0
30,900,300,3,0.5,0.8,2336694597765991259,0.02,0.00625,5175231,True,0.07505555555555557
20,400,20,3,0.5,0.5,683718482846222502,0.14,0.05882352941176471,4215945,True,0.0
20,400,800,3,0.05,0.2,1778045101161432643,0.002631578947368421,0.002631578947368421,800000,True,1.0
40,1600,3200,3,0.5,0.2,4325662051212315122,0.00125,0.00125,3200000,True,1.0
30,900,4800,3,0.05,0.2,2531350361545073100,0.0011695906432748538,0.0011695906432748538,1800001,True,1.0
30,900,600,3,0.05,0.5,15855679873611841885,0.0011695906432748538,0.0011695906432748538,1800000,True,1.0
40,1600,120,3,0.05,0.8,18290838502109141808,0.04276315789473684,0.006756756756756756,53761776,True,0.0039348684210526305
10,100,800,3,0.05,0.8,195237525655860304,0.021052631578947368,0.01075268817204301,294853,True,0.9578947368421054
30,900,1200,3,0.5,0.8,15558820705378741384,0.013333333333333334,0.0035587188612099642,6317769,True,0.3733288888888889
10,100,1600,3,0.5,0.2,992017533935645567,0.02,0.02,200001,True,1.0
20,400,160,3,0.05,0.8,2230626872528027019,0.060526315789473685,0.0101010101010101,4821005,True,0.08421052631578951
10,100,800,3,0.05,0.8,8844373184227638351,0.010526315789473684,0.010526315789473684,200000,True,1.0
20,400,20,3,0.5,0.5,5949030712343489631,0.255,0.05555555555555555,3908442,True,0.0
40,1600,1600,3,0.5,0.8,8349034622306216667,0.0075,0.002173913043478261,15891218,True,0.30239875000000005
20,400,10,3,0.05,0.8,15747293551086118721,0.9263157894736842,0.25,1930575,True,0.0026315789473684223
40,1600,160,3,0.5,0.2,13509623788245684464,0.00125,0.00125,3200001,True,1.0
10,100,400,3,0.5,0.5,11215051438392717355,0.02,0.02,200004,True,1.0
30,900,300,3,0.05,0.2,9542974743225046637,0.0011695906432748538,0.0011695906432748538,1800000,True,1.0
10,100,80,3,0.05,0.5,11758591868521748226,0.010526315789473684,0.010526315789473684,200000,True,1.0
10,100,10,3,0.05,0.5,5148579832705907087,0.021052631578947368,0.010638297872340427,100000000,False,-1.0
30,900,80,3,0.05,0.2,8274801520524709135,0.0011695906432748538,0.0011695906432748538,1800000,True,1.0
30,900,2400,3,0.05,0.2,4132873765038392968,0.0011695906432748538,0.0011695906432748538,1800000,True,1.0
30,900,600,3,0.5,0.2,9803550860713878044,0.0022222222222222222,0.0022222222222222222,1800003,True,1.0
20,400,1600,3,0.05,0.2,18037517421447644680,0.002631578947368421,0.002631578947368421,800000,True,1.0
10,100,300,3,0.5,0.5,14724573718353972095,0.02,0.02,200000,True,1.0
10,100,1600,3,0.5,0.2,1457925944734372156,0.02,0.02,200000,True,1.0
30,900,2400,3,0.05,0.8,15192406702765997843,0.0023391812865497076,0.0011709601873536298,2261267,True,0.9976596491228072
30,900,3200,3,0.05,0.8,2095396018256634042,0.0011695906432748538,0.0011695906432748538,1800000,True,1.0
10,100,8000,3,0.05,0.5,237993140679639829,0.010526315789473684,0.010526315789473684,200000,True,1.0
10,100,40,3,0.5,0.2,14659487702172521695,0.02,0.02,200003,True,1.0
20,400,400,3,0.5,0.2,5342540869534644636,0.005,0.005,800000,True,1.0
20,400,200,3,0.5,0.2,560889757931868711,0.005,0.005,800000,True,1.0
10,100,4800,3,0.05,0.2,13665463572253125465,0.010526315789473684,0.010526315789473684,200000,True,1.0
30,900,300,3,0.05,0.8,9159719668104510586,0.019883040935672516,0.0045662100456621,27406070,True,0.07267602339181287
30,900,40,3,0.05,0.8,11367565732464621463,0.07719298245614035,0.012987012987012986,3606151,True,0.0
40,1600,600,3,0.5,0.2,8468832049718962494,0.00125,0.00125,3200000,True,1.0
20,400,10,3,0.5,0.5,14131930000201348447,0.465,0.07692307692307693,5154218,True,0.0
20,400,120,3,0.05,0.2,11791738223906423773,0.002631578947368421,0.002631578947368421,800000,True,1.0
10,100,20,3,0.5,0.2,17455880740521525265,0.02,0.02,200001,True,1.0
10,100,200,3,0.5,0.8,10791456997485015258,0.06,0.029411764705882356,296925,True,0.4000000000000001
30,900,4800,3,0.05,0.8,2879376799201235850,0.0011695906432748538,0.0011695906432748538,1800000,True,1.0
20,400,300,3,0.05,0.8,9985207361298854553,0.02631578947368421,0.00625,9372605,True,0.24538421052631587
40,1600,4800,3,0.05,0.2,8100130378625380588,0.0006578947368421052,0.0006578947368421052,3200000,True,1.0
10,100,120,3,0.5,0.5,11976864895616640918,0.02,0.02,200000,True,1.0
10,100,40,3,0.05,0.5,17204401547680720899,0.010526315789473684,0.010526315789473684,200000,True,0.9999894736842104
40,1600,400,3,0.05,0.2,17484592151011603557,0.0006578947368421052,0.0006578947368421052,3200000,True,1.0
10,100,600,3,0.05,0.2,2433635202961402103,0.010526315789473684,0.010526315789473684,200000,True,1.0
40,1600,3200,3,0.05,0.5,10932899747581961532,0.0006578947368421052,0.0006578947368421052,3200000,True,1.0
10,100,10,3,0.05,0.8,4171773655079049972,0.7368421052631579,0.2,150477,True,0.0
10,100,40,3,0.05,0.2,4805901888802748421,0.010526315789473684,0.010526315789473684,200000,True,1.0
20,400,300,3,0.5,0.8,9450028072956597743,0.025,0.01,1571522,True,0.18500000000000003
30,900,8000,3,0.05,0.5,9440555484059621315,0.0011695906432748538,0.0011695906432748538,1800000,True,1.0
20,400,4800,3,0.05,0.2,13407267914956691587,0.002631578947368421,0.002631578947368421,800000,True,1.0
20,400,600,3,0.05,0.2,13064350539399374838,0.002631578947368421,0.002631578947368421,800000,True,1.0
40,1600,3200,3,0.5,0.5,10266249187116467085,0.00125,0.00125,3200000,True,1.0
10,100,400,3,0.05,0.8,7599257283089622275,0.031578947368421054,0.01098901098901099,344710,True,0.9460631578947367
10,100,400,3,0.5,0.5,8937623043880301937,0.02,0.02,200000,True,1.0
40,1600,2400,3,0.05,0.8,4847953298249429760,0.0006578947368421052,0.0006578947368421052,3200000,True,0.9999980263157895
40,1600,400,3,0.5,0.2,12762682663320470452,0.00125,0.00125,3200000,True,1.0
40,1600,40,3,0.05,0.5,43379001733948600,0.0013157894736842105,0.0006587615283267457,19805197,True,0.9999927631578948
40,1600,40,3,0.05,0.2,7505168465723854694,0.0006578947368421052,0.0006578947368421052,3200000,True,1.0
20,400,120,3,0.05,0.2,1230748655489102147,0.002631578947368421,0.002631578947368421,800000,True,1.0
30,900,300,3,0.5,0.2,16861333741424602131,0.0022222222222222222,0.0022222222222222222,1800000,True,1.0
30,900,160,3,0.05,0.5,2060788648655523318,0.0011695906432748538,0.0011695906432748538,1800000,True,1.0
20,400,120,3,0.5,0.2,9058069068234336928,0.005,0.005,800002,True,1.0
10,100,300,3,0.05,0.8,1534123619168204071,0.021052631578947368,0.01075268817204301,200000,True,0.9644000000000001
20,400,2400,3,0.05,0.2,16922426076711041516,0.002631578947368421,0.002631578947368421,800000,True,1.0
30,900,120,3,0.05,0.2,8592092144443161188,0.0011695906432748538,0.0011695906432748538,1800000,True,1.0
40,1600,8000,3,0.05,0.5,6838446562834257722,0.0006578947368421052,0.0006578947368421052,3200000,True,1.0
10,100,300,3,0.05,0.5,3655026939768516879,0.010526315789473684,0.010526315789473684,200000,True,1.0
30,900,20,3,0.05,0.2,14622802553614960484,0.0011695906432748538,0.0011695906432748538,1800000,True,1.0
20,400,10,3,0.05,0.8,16441647773297796338,0.5,0.2,1096701,True,0.0
40,1600,800,3,0.5,0.5,3418195239517259264,0.00125,0.00125,3200002,True,1.0
10,100,1600,3,0.5,0.5,6447100722005829524,0.02,0.02,200001,True,1.0
30,900,300,3,0.5,0.8,12944664618024488137,0.017777777777777778,0.005952380952380952,5392891,True,0.08666666666666666
30,900,3200,3,0.5,0.5,13614572361155092166,0.0022222222222222222,0.0022222222222222222,1800001,True,1.0
40,1600,300,3,0.5,0.2,12219960582451551240,0.00125,0.00125,3200001,True,1.0
20,400,1200,3,0.5,0.8,14195748619067082196,0.015,0.006369426751592356,1767954,True,0.61
10,100,8000,3,0.05,0.8,16798093373088842862,0.010526315789473684,0.010526315789473684,200000,True,1.0
40,1600,1200,3,0.5,0.8,4519705472165476836,0.01,0.0024390243902439024,14259200,True,0.23143624999999998
10,100,1600,3,0.5,0.8,2505649755709479266,0.04,0.020408163265306124,231743,True,0.9600000000000004
10,100,8000,3,0.05,0.2,14146327623229396939,0.010526315789473684,0.010526315789473684,200000,True,1.0
40,1600,600,3,0.05,0.5,6480456063846363380,0.0006578947368421052,0.0006578947368421052,3200000,True,1.0
40,1600,120,3,0.5,0.2,8941757135199511815,0.00125,0.00125,3200000,True,1.0
20,400,40,3,0.5,0.2,16719888775904111231,0.005,0.005,800000,True,1.0
10,100,80,3,0.05,0.8,7112092110591796946,0.07368421052631578,0.021276595744680854,467435,True,0.2900736842105263
10,100,1200,3,0.05,0.8,16496293351856499192,0.010526315789473684,0.010526315789473684,200000,True,1.0
20,400,800,3,0.5,0.2,8139446286248059593,0.005,0.005,800003,True,1.0
30,900,200,3,0.05,0.8,12984131473241048286,0.03976608187134503,0.006024096385542169,23075709,True,0.03508771929824561
40,1600,20,3,0.5,0.2,1764701835777723846,0.00125,0.00125,3200001,True,0.99994
10,100,2400,3,0.05,0.8,3161587255171815337,0.010526315789473684,0.010526315789473684,200000,True,1.0
20,400,1600,3,0.05,0.8,11307576042948776104,0.002631578947368421,0.002631578947368421,800000,True,0.9999947368421053
30,900,8000,3,0.05,0.5,15904000804353908772,0.0011695906432748538,0.0011695906432748538,1800000,True,1.0
40,1600,800,3,0.5,0.8,2310057335449258886,0.0125,0.0029850746268656712,18779427,True,0.11375
20,400,40,3,0.05,0.5,13260466395544788431,0.002631578947368421,0.002631578947368421,800000,True,0.9999947368421053
30,900,3200,3,0.05,0.5,17366404821482745213,0.0011695906432748538,0.0011695906432748538,1800000,True,1.0
10,100,160,3,0.05,0.5,1627046570514181623,0.010526315789473684,0.010526315789473684,200000,True,1.0
10,100,8000,3,0.5,0.5,344261271765941465,0.02,0.02,200002,True,1.0
30,900,120,3,0.05,0.5,6196625768953665580,0.0011695906432748538,0.0011695906432748538,1800000,True,0.9999988304093568
10,100,120,3,0.5,0.5,13664235990124696305,0.02,0.02,225955,True,0.9976400000000001
20,400,1600,3,0.05,0.5,10575741153925524849,0.002631578947368421,0.002631578947368421,800000,True,1.0
10,100,3200,3,0.05,0.8,6620143754731236536,0.010526315789473684,0.010526315789473684,200000,True,1.0
20,400,120,3,0.05,0.2,546649646014414470,0.002631578947368421,0.002631578947368421,800000,True,1.0
20,400,120,3,0.5,0.2,9095807244078817333,0.005,0.005,800001,True,1.0
40,1600,40,3,0.5,0.5,5513599766503957872,0.03125,0.0013513513513513514,100000000,False,-1.0
40,1600,600,3,0.05,0.2,14068058233601197986,0.0006578947368421052,0.0006578947368421052,3200001,True,1.0
20,400,300,3,0.05,0.8,10903570537209765386,0.03684210526315789,0.0061349693251533735,11925835,True,0.2646815789473684
10,100,600,3,0.5,0.8,4198581312757487250,0.04,0.021739130434782608,263071,True,0.84
40,1600,600,3,0.5,0.5,10686575945510920452,0.00125,0.00125,3200000,True,0.99999625
10,100,300,3,0.05,0.2,3219155705293973325,0.010526315789473684,0.010526315789473684,200000,True,1.0
30,900,300,3,0.05,0.5,16518320836341030205,0.0011695906432748538,0.0011695906432748538,1800000,True,1.0
10,100,1200,3,0.05,0.5,12581135966985872445,0.010526315789473684,0.010526315789473684,200000,True,1.0
10,100,600,3,0.5,0.8,18426845028278636443,0.04,0.02127659574468085,220680,True,0.8800000000000002
30,900,8000,3,0.5,0.5,18128894213522409035,0.0022222222222222222,0.0022222222222222222,1800000,True,1.0
10,100,120,3,0.05,0.5,4154810455424019088,0.010526315789473684,0.010526315789473684,200000,True,1.0
20,400,600,3,0.05,0.8,3556969958260616465,0.034210526315789476,0.003246753246753247,11008263,True,0.7353500000000002
40,1600,120,3,0.05,0.8,12935501186853569334,0.04013157894736842,0.00641025641025641,30169343,True,0.0032894736842105257
20,400,4800,3,0.05,0.8,4780779677989461859,0.002631578947368421,0.002631578947368421,977583,True,0.9999921052631577
20,400,800,3,0.5,0.8,6301084786185253767,0.02,0.0070921985815602835,1648843,True,0.498155
40,1600,1200,3,0.05,0.8,13894452092334581594,0.01118421052631579,0.0010141987829614604,100000000,False,-1.0
10,100,1200,3,0.05,0.2,13747074832158327103,0.010526315789473684,0.010526315789473684,200000,True,1.0
20,400,120,3,0.5,0.8,6469013374673707058,0.035,0.01408450704225352,1375207,True,0.08499999999999998
30,900,1600,3,0.5,0.2,16387339227216138913,0.0022222222222222222,0.0022222222222222222,1800000,True,1.0
30,900,400,3,0.5,0.2,13519976304495380239,0.0022222222222222222,0.0022222222222222222,1800000,True,1.0
40,1600,300,3,0.5,0.2,18407839356550394318,0.00125,0.00125,3200000,True,1.0
20,400,2400,3,0.5,0.5,4336497075051648549,0.005,0.005,800000,True,1.0
40,1600,2400,3,0.05,0.2,7524315411174310339,0.0006578947368421052,0.0006578947368421052,3200000,True,1.0
20,400,3200,3,0.5,0.5,4155023218644714331,0.005,0.005,800000,True,1.0
10,100,200,3,0.05,0.2,6082551554085624368,0.010526315789473684,0.010526315789473684,200000,True,1.0
20,400,1600,3,0.05,0.2,15311710117548696453,0.002631578947368421,0.002631578947368421,800000,True,1.0
40,1600,10,3,0.5,0.2,12309241270818278382,0.0025,0.0012515644555694619,27999455,True,0.99956125
40,1600,3200,3,0.05,0.2,13821813963336978499,0.0006578947368421052,0.0006578947368421052,3200000,True,1.0
30,900,3200,3,0.05,0.8,6582317874047268390,0.0011695906432748538,0.0011695906432748538,1800000,True,0.9999988304093568
10,100,4800,3,0.5,0.2,11878626352211593788,0.02,0.02,200000,True,1.0
10,100,8000,3,0.5,0.5,6959519750963906515,0.02,0.02,200000,True,1.0
40,1600,400,3,0.05,0.2,13977995236830423712,0.0006578947368421052,0.0006578947368421052,3200000,True,1.0
40,1600,10,3,0.5,0.5,9901314891923241447,0.005,0.0013054830287206269,100000000,False,-1.0
20,400,40,3,0.05,0.2,6115670623115559148,0.002631578947368421,0.002631578947368421,800000,True,1.0
20,400,3200,3,0.05,0.5,6083990944527469548,0.002631578947368421,0.002631578947368421,800000,True,1.0
10,100,3200,3,0.05,0.5,12228377740961513071,0.010526315789473684,0.010526315789473684,200000,True,1.0
40,1600,1200,3,0.5,0.8,8685791131699478283,0.0075,0.002457002457002457,18669787,True,0.2275
40,1600,4800,3,0.05,0.2,8372488445489956283,0.0006578947368421052,0.0006578947368421052,3200000,True,1.0
40,1600,40,3,0.5,0.5,3341181231342711556,0.005,0.0012987012987012985,100000000,False,-1.0
30,900,8000,3,0.5,0.5,2541900409048413547,0.0022222222222222222,0.0022222222222222222,1800000,True,1.0
30,900,1600,3,0.05,0.2,15886781770343482837,0.0011695906432748538,0.0011695906432748538,1800000,True,1.0
20,400,160,3,0.05,0.8,6073065633410204589,0.039473684210526314,0.009615384615384616,6679352,True,0.08157894736842107
10,100,300,3,0.5,0.2,2046325556929087356,0.02,0.02,200001,True,1.0
10,100,40,3,0.5,0.2,12884724304728455166,0.02,0.02,200000,True,1.0
20,400,800,3,0.5,0.2,2563584709083602002,0.005,0.005,800000,True,1.0
10,100,2400,3,0.5,0.5,5409226944750212330,0.02,0.02,200000,True,1.0
30,900,40,3,0.5,0.2,12249920424218073463,0.0022222222222222222,0.0022222222222222222,1800000,True,0.99998
40,1600,600,3,0.05,0.5,12354633461378226683,0.0006578947368421052,0.0006578947368421052,3200000,True,1.0
20,400,40,3,0.5,0.8,7533170267868494681,0.055,0.01785714285714286,893770,True,0.005
10,100,2400,3,0.5,0.8,10388627261689687079,0.02,0.02,200001,True,1.0
40,1600,1600,3,0.05,0.8,16035620663094529215,0.0006578947368421052,0.0006578947368421052,5454759,True,0.9999973684210527
40,1600,1200,3,0.05,0.8,11747946082734271441,0.0013157894736842105,0.0006583278472679395,3200000,True,0.9997486842105263
10,100,120,3,0.5,0.5,16756644597756703093,0.02,0.02,220936,True,0.99852
40,1600,2400,3,0.5,0.8,7366069159785688383,0.00625,0.0019305019305019305,15343641,True,0.40015625
20,400,400,3,0.05,0.8,11222855150806101070,0.034210526315789476,0.004672897196261682,11620504,True,0.40743421052631584
10,100,4800,3,0.5,0.8,11146784727138535141,0.02,0.02,200000,True,1.0
20,400,160,3,0.5,0.5,11633112860676074359,0.005,0.005,804455,True,0.999755
20,400,2400,3,0.5,0.5,4422257885370922122,0.005,0.005,800002,True,1.0
10,100,200,3,0.05,0.8,8121231410386561004,0.05263157894736842,0.014084507042253521,859480,True,0.624578947368421
10,100,1200,3,0.05,0.8,9376478957317844706,0.010526315789473684,0.010526315789473684,200000,True,1.0
20,400,160,3,0.5,0.2,4918539341359228550,0.005,0.005,800006,True,1.0
40,1600,120,3,0.5,0.2,15737716441381149251,0.00125,0.00125,3200003,True,1.0
20,400,4800,3,0.5,0.2,5944263181971479058,0.005,0.005,800000,True,1.0
30,900,3200,3,0.05,0.5,3975765661093679406,0.0011695906432748538,0.0011695906432748538,1800000,True,1.0
30,900,80,3,0.05,0.8,10451559080447918789,0.044444444444444446,0.010638297872340425,14702980,True,0.01052631578947369
30,900,40,3,0.5,0.2,10820929690849054523,0.0022222222222222222,0.0022222222222222222,1800000,True,0.9999977777777778
10,100,120,3,0.05,0.8,15179947242646363751,0.06315789473684211,0.019230769230769232,745825,True,0.33683157894736854
30,900,200,3,0.05,0.2,4836926372771771141,0.0011695906432748538,0.0011695906432748538,1800000,True,1.0
40,1600,300,3,0.5,0.5,445198482075101849,0.00125,0.00125,4702000,True,0.99994
10,100,20,3,0.5,0.5,383566921705076039,0.3,0.1111111111111111,558597,True,0.09194
40,1600,200,3,0.05,0.5,5368988312917057504,0.0006578947368421052,0.0006578947368421052,4765133,True,1.0
20,400,300,3,0.05,0.2,9884266261022563301,0.002631578947368421,0.002631578947368421,800000,True,1.0
10,100,80,3,0.5,0.5,10842365231375447032,0.02,0.02,200001,True,1.0
30,900,3200,3,0.05,0.2,17673574441258046100,0.0011695906432748538,0.0011695906432748538,1800000,True,1.0
10,100,400,3,0.5,0.2,6627150563921166982,0.02,0.02,200000,True,1.0
30,900,200,3,0.05,0.2,6647037853587351552,0.0011695906432748538,0.0011695906432748538,1800000,True,1.0
20,400,800,3,0.05,0.5,755273334606608592,0.002631578947368421,0.002631578947368421,800000,True,1.0
10,100,8000,3,0.05,0.5,10467763155050448247,0.010526315789473684,0.010526315789473684,200000,True,1.0
40,1600,3200,3,0.5,0.5,18340046462752270655,0.00125,0.00125,3200000,True,1.0
10,100,8000,3,0.05,0.8,13186192712203805654,0.010526315789473684,0.010526315789473684,200000,True,1.0
30,900,160,3,0.05,0.8,13361289358483168276,0.0304093567251462,0.006802721088435374,26548763,True,0.022222222222222213
40,1600,3200,3,0.05,0.5,15372917604435750074,0.0006578947368421052,0.0006578947368421052,3200000,True,1.0
20,400,3200,3,0.05,0.5,11258319619336860230,0.002631578947368421,0.002631578947368421,800000,True,1.0
20,400,600,3,0.5,0.8,16167888161653488690,0.02,0.0072992700729927005,1634734,True,0.4600000000000001
10,100,4800,3,0.05,0.5,8240500181346922297,0.010526315789473684,0.010526315789473684,200000,True,1.0
10,100,2400,3,0.5,0.2,11822832339608254826,0.02,0.02,200000,True,1.0
20,400,4800,3,0.05,0.5,2844849242750191819,0.002631578947368421,0.002631578947368421,800000,True,1.0
40,1600,80,3,0.05,0.2,599084021841629879,0.0006578947368421052,0.0006578947368421052,3200000,True,1.0
20,400,8000,3,0.05,0.2,5044378725878871779,0.002631578947368421,0.002631578947368421,800000,True,1.0
30,900,160,3,0.5,0.8,1115535727587858096,0.03111111111111111,0.0070921985815602835,3181336,True,0.01957333333333333
40,1600,10,3,0.5,0.8,5620195850286543255,0.03,0.006211180124223602,2292405,True,0.0
30,900,1200,3,0.05,0.8,8688712850203424728,0.0011695906432748538,0.0011695906432748538,1800000,True,0.9999941520467837
30,900,4800,3,0.05,0.5,226984720585353586,0.0011695906432748538,0.0011695906432748538,1800001,True,1.0
40,1600,300,3,0.5,0.5,17619928386839456429,0.0025,0.0012515644555694619,7815998,True,0.99993125
20,400,600,3,0.05,0.5,15637128337998716035,0.002631578947368421,0.002631578947368421,800000,True,1.0
40,1600,800,3,0.05,0.8,14654196023737276051,0.015131578947368421,0.0018115942028985505,100000000,False,-1.0
10,100,4800,3,0.5,0.2,10664814594458128240,0.02,0.02,200000,True,1.0
10,100,20,3,0.05,0.5,4617768794211297939,0.010526315789473684,0.010526315789473684,200000,True,0.9999263157894737
30,900,20,3,0.5,0.8,6548647666349099561,0.04,0.010309278350515465,1124724,True,0.0
20,400,120,3,0.05,0.8,6755777948389413449,0.060526315789473685,0.012987012987012988,5519191,True,0.05526315789473682
30,900,200,3,0.5,0.2,13276143974068194927,0.0022222222222222222,0.0022222222222222222,1800000,True,1.0
30,900,1600,3,0.5,0.8,9066886638642355539,0.008888888888888889,0.003125,9125291,True,0.48222222222222216
30,900,10,3,0.5,0.8,3166787147869906468,0.08,0.011627906976744188,1329092,True,0.0
20,400,160,3,0.05,0.2,11591931635982493031,0.002631578947368421,0.002631578947368421,800000,True,1.0
10,100,2400,3,0.05,0.8,3018537207900962185,0.010526315789473684,0.010526315789473684,200000,True,1.0
40,1600,600,3,0.05,0.5,11229993254033730989,0.0006578947368421052,0.0006578947368421052,3200000,True,1.0
40,1600,1200,3,0.05,0.5,3125217887988164201,0.0006578947368421052,0.0006578947368421052,3200000,True,1.0
30,900,40,3,0.05,0.5,2151228147611415785,0.0023391812865497076,0.0011709601873536298,2014243,True,0.9999894736842105
40,1600,300,3,0.5,0.8,5664206535563066348,0.01375,0.00423728813559322,13158767,True,0.02262125
20,400,4800,3,0.05,0.2,6957651665812847144,0.002631578947368421,0.002631578947368421,800000,True,1.0
20,400,160,3,0.5,0.5,16777167839530329782,0.005,0.005,1135906,True,0.999885
20,400,8000,3,0.5,0.2,14030502624904347330,0.005,0.005,800001,True,1.0
10,100,2400,3,0.5,0.2,11275635082761323464,0.02,0.02,200000,True,1.0
40,1600,800,3,0.05,0.5,15919149920304770272,0.0006578947368421052,0.0006578947368421052,3200000,True,1.0
10,100,1200,3,0.5,0.8,5711379854923831126,0.04,0.021739130434782608,232725,True,0.84
20,400,40,3,0.5,0.2,1623432936121424359,0.005,0.005,800001,True,1.0
30,900,1600,3,0.5,0.2,11293977396999334125,0.0022222222222222222,0.0022222222222222222,1800000,True,1.0
20,400,200,3,0.5,0.8,8780456137055466857,0.03,0.011235955056179777,1381297,True,0.16958
40,1600,2400,3,0.05,0.2,11538608472115178407,0.0006578947368421052,0.0006578947368421052,3200000,True,1.0
40,1600,2400,3,0.05,0.2,11966826243186956421,0.0006578947368421052,0.0006578947368421052,3200000,True,1.0
20,400,20,3,0.5,0.5,8638750982363118053,0.36,0.06666666666666667,3934126,True,0.0
40,1600,120,3,0.05,0.5,14587592855933731489,0.0006578947368421052,0.0006578947368421052,3200000,True,1.0
40,1600,1200,3,0.5,0.8,12015347022656510836,0.01,0.0024390243902439024,13930565,True,0.24375374999999996
30,900,600,3,0.5,0.5,11865676177826337931,0.0022222222222222222,0.0022222222222222222,1800000,True,1.0
10,100,300,3,0.05,0.2,15352590703156072824,0.010526315789473684,0.010526315789473684,200000,True,1.0
30,900,160,3,0.5,0.2,16375316490176437206,0.0022222222222222222,0.0022222222222222222,1800000,True,1.0
30,900,4800,3,0.5,0.5,4896476656509465533,0.0022222222222222222,0.0022222222222222222,1800002,True,1.0
20,400,1600,3,0.5,0.5,17986410509143958381,0.005,0.005,800000,True,1.0
20,400,400,3,0.5,0.8,542044299619277878,0.025,0.009433962264150943,1569022,True,0.2650000000000001
20,400,2400,3,0.05,0.8,14758286472921006462,0.002631578947368421,0.002631578947368421,800000,True,0.9999973684210527
20,400,80,3,0.05,0.5,15430893084469556927,0.002631578947368421,0.002631578947368421,800000,True,0.9999973684210527
20,400,400,3,0.05,0.2,10309136891278244240,0.002631578947368421,0.002631578947368421,800000,True,1.0
30,900,4800,3,0.05,0.2,18209725368949095152,0.0011695906432748538,0.0011695906432748538,1800000,True,1.0
10,100,200,3,0.5,0.2,3414865848781376506,0.02,0.02,200002,True,1.0
10,100,8000,3,0.05,0.2,4484091906585932281,0.010526315789473684,0.010526315789473684,200000,True,1.0
30,900,1200,3,0.5,0.2,6287648266720937155,0.0022222222222222222,0.0022222222222222222,1800000,True,1.0
30,900,200,3,0.5,0.5,11743283088946363813,0.0022222222222222222,0.0022222222222222222,3287098,True,0.9998222222222222
30,900,3200,3,0.5,0.8,4059230135484486501,0.008888888888888889,0.0026455026455026454,6977907,True,0.70156
40,1600,120,3,0.5,0.8,16041415365097465171,0.01875,0.005154639175257731,6088919,True,0.0037500000000000016
30,900,300,3,0.5,0.2,537920016976088446,0.0022222222222222222,0.0022222222222222222,1800006,True,1.0
30,900,3200,3,0.5,0.2,11440241476373977859,0.0022222222222222222,0.0022222222222222222,1800000,True,1.0
40,1600,20,3,0.5,0.5,8401320383942519746,0.00375,0.0012690355329949238,100000000,False,-1.0
10,100,40,3,0.05,0.8,9929369883060671096,0.16842105263157894,0.043478260869565216,320354,True,0.08421052631578951
20,400,400,3,0.5,0.2,4233068782471052263,0.005,0.005,800001,True,1.0
40,1600,400,3,0.5,0.2,10627532649399301405,0.00125,0.00125,3200001,True,1.0
30,900,4800,3,0.5,0.5,14514246485316894710,0.0022222222222222222,0.0022222222222222222,1800000,True,1.0
30,900,600,3,0.05,0.2,3368094690197972076,0.0011695906432748538,0.0011695906432748538,1800000,True,1.0
10,100,120,3,0.05,0.2,4961438106766055969,0.010526315789473684,0.010526315789473684,200000,True,1.0
40,1600,200,3,0.05,0.8,17510684537240078248,0.025,0.005025125628140704,77806306,True,0.006624999999999998
30,900,600,3,0.05,0.5,16794174591140889642,0.0011695906432748538,0.0011695906432748538,1800000,True,1.0
30,900,10,3,0.5,0.8,5974537041039238614,0.09111111111111111,0.011627906976744188,1563367,True,0.0
40,1600,40,3,0.5,0.2,3599676104464207211,0.00125,0.00125,3200000,True,0.99999125
10,100,120,3,0.05,0.2,7594891373267546729,0.010526315789473684,0.010526315789473684,200000,True,1.0
20,400,300,3,0.5,0.5,9936357042089201458,0.005,0.005,1092750,True,0.9998900000000001
10,100,40,3,0.5,0.5,6732995666113848358,0.16,0.023255813953488372,526716,True,0.8236200000000001
30,900,4800,3,0.5,0.8,3300423891963736906,0.006666666666666667,0.0025062656641604013,6533073,True,0.7866355555555555
20,400,120,3,0.5,0.5,9098087638390305192,0.005,0.005,1471402,True,0.999125
20,400,800,3,0.5,0.5,3036967986969451606,0.005,0.005,800000,True,1.0
30,900,120,3,0.05,0.8,5186921673732048526,0.03742690058479532,0.008928571428571428,60426907,True,0.008187134502923979
40,1600,800,3,0.05,0.8,15860601230541362224,0.011842105263157895,0.001865671641791045,100000000,False,-1.0
10,100,2400,3,0.5,0.2,7273753466784578514,0.02,0.02,200001,True,1.0
30,900,1200,3,0.5,0.2,14072817873788997481,0.0022222222222222222,0.0022222222222222222,1800001,True,1.0
40,1600,300,3,0.05,0.2,2124504310267246849,0.0006578947368421052,0.0006578947368421052,3200000,True,1.0
30,900,400,3,0.05,0.2,11961809085496449458,0.0011695906432748538,0.0011695906432748538,1800000,True,1.0
20,400,600,3,0.5,0.5,5505808461525719044,0.005,0.005,800001,True,1.0
20,400,120,3,0.05,0.2,17578820819289026017,0.002631578947368421,0.002631578947368421,800000,True,1.0
30,900,4800,3,0.05,0.2,11716770240201133200,0.0011695906432748538,0.0011695906432748538,1800000,True,1.0
20,400,2400,3,0.05,0.8,15251257572451638678,0.002631578947368421,0.002631578947368421,1363943,True,0.9999631578947368
30,900,20,3,0.05,0.2,16248010723173148259,0.0023391812865497076,0.0011709601873536298,1800000,True,1.0
30,900,1600,3,0.05,0.2,11344194685471406032,0.0011695906432748538,0.0011695906432748538,1800000,True,1.0
30,900,80,3,0.5,0.2,3856985972558902429,0.0022222222222222222,0.0022222222222222222,1800000,True,1.0
20,400,400,3,0.5,0.5,17836585716529568213,0.005,0.005,879833,True,0.999745
40,1600,120,3,0.5,0.2,4809100291548251262,0.00125,0.00125,3200000,True,1.0
40,1600,8000,3,0.5,0.5,14522918002095190318,0.00125,0.00125,3200005,True,1.0
10,100,3200,3,0.5,0.8,17031343759207689214,0.04,0.020408163265306124,230551,True,0.9600000000000004
40,1600,400,3,0.05,0.5,183767085971290742,0.0006578947368421052,0.0006578947368421052,3200000,True,1.0
10,100,3200,3,0.05,0.2,11110955383689157370,0.010526315789473684,0.010526315789473684,200000,True,1.0
10,100,1200,3,0.05,0.2,14765794449251765089,0.010526315789473684,0.010526315789473684,200000,True,1.0
10,100,160,3,0.5,0.5,16916196084879563235,0.02,0.02,200003,True,1.0
20,400,600,3,0.05,0.2,7051577487320119731,0.002631578947368421,0.002631578947368421,800000,True,1.0
40,1600,1600,3,0.5,0.5,15300403911642808056,0.00125,0.00125,3379888,True,0.99999
10,100,800,3,0.05,0.2,10720169101789465332,0.010526315789473684,0.010526315789473684,200000,True,1.0
20,400,3200,3,0.5,0.2,15935597780715433436,0.005,0.005,800001,True,1.0
20,400,120,3,0.5,0.8,4056829807384681639,0.03,0.01492537313432836,1601712,True,0.06499999999999997
20,400,400,3,0.5,0.2,18284035905780614124,0.005,0.005,800001,True,1.0
20,400,20,3,0.05,0.8,9975560689394445024,0.3078947368421053,0.03333333333333333,1283122,True,0.0
10,100,10,3,0.5,0.5,15124383679227629080,0.48,0.2,230182,True,0.0
20,400,8000,3,0.05,0.2,11379766737491576130,0.002631578947368421,0.002631578947368421,800000,True,1.0
40,1600,80,3,0.5,0.2,14672548136779669203,0.00125,0.00125,3200000,True,0.999995
10,100,600,3,0.05,0.8,5378449350112485940,0.010526315789473684,0.010526315789473684,200000,True,0.9999894736842104
40,1600,2400,3,0.5,0.8,13855310584721921064,0.00625,0.001876172607879925,16097544,True,0.4337062500000001
20,400,120,3,0.05,0.8,11211753813891440559,0.07631578947368421,0.01234567901234568,9853013,True,0.05789473684210525
40,1600,160,3,0.05,0.8,1848080875237667806,0.035526315789473684,0.005780346820809248,52287318,True,0.007985526315789472
30,900,80,3,0.5,0.8,7202035677976998214,0.024444444444444446,0.008695652173913044,2142386,True,0.0
20,400,600,3,0.05,0.2,15198986595981101946,0.002631578947368421,0.002631578947368421,800000,True,1.0
30,900,120,3,0.5,0.5,8963981532678670537,0.0044444444444444444,0.0022271714922048997,6989435,True,0.9986644444444444
40,1600,80,3,0.05,0.2,18171822184566444794,0.0006578947368421052,0.0006578947368421052,3200000,True,1.0
30,900,300,3,0.5,0.8,13264528355196117570,0.02,0.006622516556291391,4882459,True,0.051111111111111114
40,1600,1600,3,0.05,0.2,2398630632104782866,0.0006578947368421052,0.0006578947368421052,3200000,True,1.0
40,1600,3200,3,0.05,0.5,12795677354862502709,0.0006578947368421052,0.0006578947368421052,3200000,True,1.0
20,400,80,3,0.05,0.5,5423560078575602307,0.002631578947368421,0.002631578947368421,800000,True,0.9999973684210527
10,100,600,3,0.05,0.8,8196004517913386637,0.021052631578947368,0.010638297872340427,308463,True,0.9789368421052635
10,100,40,3,0.5,0.5,4053547822419467799,0.18,0.03333333333333333,1228793,True,0.52364
40,1600,3200,3,0.5,0.8,1729203284537598708,0.00625,0.0017123287671232876,18600058,True,0.51809375
30,900,200,3,0.5,0.8,17197039433987417534,0.017777777777777778,0.007042253521126761,4139715,True,0.033333333333333326
40,1600,160,3,0.5,0.2,5822795207161787884,0.00125,0.00125,3200000,True,0.9999987499999999
30,900,2400,3,0.05,0.5,5996151287094986516,0.0011695906432748538,0.0011695906432748538,1800001,True,1.0
30,900,3200,3,0.05,0.8,5308090494359057772,0.0023391812865497076,0.0011709601873536298,2589079,True,0.9976596491228072
20,400,20,3,0.5,0.8,3848833512543445811,0.06,0.02127659574468085,442984,True,0.0
10,100,10,3,0.5,0.5,8925225789555835791,0.22,0.1111111111111111,159519,True,0.0
20,400,40,3,0.5,0.8,17237197098169201480,0.065,0.018867924528301886,902140,True,0.005
40,1600,2400,3,0.05,0.5,5916775916418276558,0.0006578947368421052,0.0006578947368421052,3200000,True,1.0
20,400,80,3,0.05,0.8,17691565094561734046,0.04736842105263158,0.013333333333333332,100000000,False,-1.0
30,900,1200,3,0.5,0.5,10878228454462202512,0.0022222222222222222,0.0022222222222222222,1800005,True,1.0
10,100,8000,3,0.5,0.5,13149479253013164340,0.02,0.02,200000,True,1.0
10,100,400,3,0.05,0.8,10614032126347985231,0.010526315789473684,0.010526315789473684,200000,True,1.0
20,400,1200,3,0.5,0.8,11980741880256559828,0.015,0.006097560975609756,1856571,True,0.6500000000000002
30,900,4800,3,0.5,0.8,17015647216381094477,0.011111111111111112,0.0025974025974025974,6084931,True,0.7345488888888888
40,1600,300,3,0.05,0.2,10568146039055026905,0.0006578947368421052,0.0006578947368421052,3200000,True,1.0
40,1600,4800,3,0.5,0.8,17766719772119586746,0.005,0.0015479876160990713,19219758,True,0.64494625
30,900,8000,3,0.5,0.5,13736318028639778884,0.0022222222222222222,0.0022222222222222222,1800000,True,1.0
20,400,1600,3,0.05,0.2,15301156269593119881,0.002631578947368421,0.002631578947368421,800000,True,1.0
10,100,160,3,0.05,0.2,4009091388010094365,0.010526315789473684,0.010526315789473684,200000,True,1.0
20,400,300,3,0.05,0.2,15526357371072487228,0.002631578947368421,0.002631578947368421,800000,True,1.0
40,1600,160,3,0.5,0.2,10706783655093872588,0.00125,0.00125,3200003,True,1.0
10,100,8000,3,0.5,0.2,11554882187886599250,0.02,0.02,200000,True,1.0
20,400,400,3,0.05,0.5,4440431181766729140,0.002631578947368421,0.002631578947368421,800000,True,1.0
40,1600,200,3,0.5,0.2,8974909012273751888,0.00125,0.00125,3200001,True,1.0
30,900,300,3,0.5,0.2,18033125448260888294,0.0022222222222222222,0.0022222222222222222,1800002,True,1.0
20,400,20,3,0.5,0.8,1884452077183706667,0.07,0.021739130434782608,445549,True,0.0
20,400,3200,3,0.5,0.2,7369569301522993362,0.005,0.005,800001,True,1.0
10,100,4800,3,0.05,0.8,11442724960834414875,0.010526315789473684,0.010526315789473684,200000,True,1.0
30,900,10,3,0.05,0.2,2761990928949550320,0.0023391812865497076,0.0011737089201877935,1800000,True,0.9999988304093568
40,1600,40,3,0.5,0.5,8277478915143770121,0.0075,0.0013071895424836603,100000000,False,-1.0
20,400,20,3,0.05,0.5,5798588352172096892,0.005263157894736842,0.002645502645502646,100000000,False,-1.0
40,1600,10,3,0.5,0.8,9330858676830330135,0.025,0.005988023952095808,1882250,True,0.0
10,100,200,3,0.05,0.5,11351317219449207478,0.010526315789473684,0.010526315789473684,200000,True,1.0
10,100,200,3,0.05,0.5,18418878757125247532,0.010526315789473684,0.010526315789473684,200000,True,1.0
40,1600,300,3,0.5,0.8,16823358589903919749,0.0125,0.004149377593360996,10353845,True,0.018749999999999992
20,400,160,3,0.05,0.5,10514201449033229067,0.002631578947368421,0.002631578947368421,800000,True,0.9999973684210527
10,100,1600,3,0.05,0.8,10456079255024331519,0.031578947368421054,0.01075268817204301,324550,True,0.9684210526315787
30,900,20,3,0.05,0.2,5640492507570902436,0.0011695906432748538,0.0011695906432748538,1800000,True,1.0
20,400,600,3,0.05,0.2,2051186107085110840,0.002631578947368421,0.002631578947368421,800000,True,1.0
10,100,40,3,0.05,0.5,11669924954340298023,0.010526315789473684,0.010526315789473684,200000,True,1.0
40,1600,400,3,0.5,0.2,1855065733063959861,0.00125,0.00125,3200000,True,1.0
30,900,600,3,0.05,0.8,4898293716894772830,0.0023391812865497076,0.0011709601873536298,3335200,True,0.9985403508771931
40,1600,40,3,0.5,0.5,6307406892458861049,0.02875,0.001360544217687075,100000000,False,-1.0
20,400,600,3,0.5,0.8,10965316388180662412,0.025,0.007194244604316546,1542478,True,0.5
20,400,200,3,0.5,0.8,11414691873814733120,0.03,0.010869565217391304,1501999,True,0.18076
20,400,160,3,0.05,0.8,10097097017982011210,0.039473684210526314,0.00970873786407767,7558836,True,0.08947368421052634
30,900,40,3,0.05,0.5,5002163326707951907,0.0011695906432748538,0.0011695906432748538,3060324,True,0.9999918128654971
40,1600,10,3,0.05,0.5,12616398318970700390,0.0013157894736842105,0.0006587615283267457,100000000,False,-1.0
10,100,10,3,0.05,0.2,828014085151735696,0.010526315789473684,0.010526315789473684,200000,True,1.0
30,900,3200,3,0.05,0.2,426282147274863028,0.0011695906432748538,0.0011695906432748538,1800001,True,1.0
10,100,2400,3,0.5,0.2,12108539608404860247,0.02,0.02,200000,True,1.0
40,1600,3200,3,0.5,0.8,293621513027688016,0.00625,0.001733102253032929,16763277,True,0.5045599999999999
30,900,80,3,0.5,0.8,15106472271975733265,0.04,0.00925925925925926,1879480,True,0.0
20,400,40,3,0.05,0.2,8604155873870501743,0.002631578947368421,0.002631578947368421,800000,True,1.0
20,400,40,3,0.5,0.5,10898005213685494440,0.15,0.03333333333333333,8343426,True,0.049360000000000015
30,900,8000,3,0.05,0.8,10443435320362532679,0.0011695906432748538,0.0011695906432748538,1800000,True,1.0
40,1600,400,3,0.5,0.2,1431803141590602596,0.00125,0.00125,3200001,True,1.0
10,100,400,3,0.05,0.8,11154085556780191273,0.010526315789473684,0.010526315789473684,200000,True,0.9999894736842104
20,400,120,3,0.05,0.2,11753408317733566000,0.002631578947368421,0.002631578947368421,800000,True,1.0
10,100,120,3,0.5,0.2,14629321408323752812,0.02,0.02,200005,True,1.0
30,900,800,3,0.05,0.5,14969425160296965841,0.0011695906432748538,0.0011695906432748538,1800000,True,1.0
10,100,40,3,0.05,0.5,13813626223297960490,0.010526315789473684,0.010526315789473684,200000,True,1.0
30,900,20,3,0.05,0.8,2875822621754810885,0.2222222222222222,0.020833333333333332,3400967,True,0.0
40,1600,1600,3,0.5,0.5,1449523591499711322,0.00125,0.00125,3200003,True,1.0
10,100,300,3,0.05,0.8,10551292432134778859,0.042105263157894736,0.0125,695063,True,0.7473578947368419
40,1600,160,3,0.5,0.2,11818306747955438394,0.00125,0.00125,3200000,True,1.0
20,400,600,3,0.05,0.2,1526054023814573078,0.002631578947368421,0.002631578947368421,800000,True,1.0
30,900,3200,3,0.5,0.8,7483061011458591949,0.008888888888888889,0.0027624309392265192,7701981,True,0.6400422222222223
40,1600,80,3,0.05,0.8,2147512329520976170,0.045394736842105265,0.007407407407407408,22277237,True,0.001974342105263157
40,1600,120,3,0.5,0.2,13050218668414038200,0.00125,0.00125,3200000,True,1.0
30,900,8000,3,0.5,0.8,14300246639231731604,0.008888888888888889,0.0024271844660194173,7007332,True,0.8355555555555554
30,900,2400,3,0.05,0.2,14567418551001877714,0.0011695906432748538,0.0011695906432748538,1800000,True,1.0
30,900,2400,3,0.05,0.5,4919727150239442656,0.0011695906432748538,0.0011695906432748538,1800000,True,1.0
30,900,800,3,0.05,0.2,13418209128915786454,0.0011695906432748538,0.0011695906432748538,1800000,True,1.0
30,900,400,3,0.05,0.5,17281818837070497086,0.0011695906432748538,0.0011695906432748538,1800000,True,1.0
20,400,600,3,0.5,0.8,8900019343397528172,0.025,0.007874015748031496,1614978,True,0.3849999999999999
30,900,3200,3,0.05,0.5,17700003961570606690,0.0011695906432748538,0.0011695906432748538,1800001,True,1.0
30,900,2400,3,0.05,0.8,4623240922127095084,0.0011695906432748538,0.0011695906432748538,1800000,True,1.0
30,900,400,3,0.5,0.2,4349427502183187092,0.0022222222222222222,0.0022222222222222222,1800000,True,1.0
20,400,300,3,0.5,0.5,9568892673450765559,0.005,0.005,800003,True,1.0
20,400,40,3,0.5,0.2,9078400030139606019,0.005,0.005,800001,True,1.0
20,400,2400,3,0.05,0.5,17049216077288539118,0.002631578947368421,0.002631578947368421,800000,True,1.0
30,900,10,3,0.5,0.2,12122663584267506656,0.0044444444444444444,0.0022271714922048997,8480180,True,0.9996555555555555
40,1600,40,3,0.5,0.5,17717492728075828583,0.00875,0.0013089005235602095,100000000,False,-1.0
10,100,1200,3,0.5,0.2,12934283523532148509,0.02,0.02,200001,True,1.0
10,100,20,3,0.5,0.5,3370030400120092875,0.24,0.14285714285714288,486970,True,0.02
10,100,8000,3,0.05,0.8,9111317219911701416,0.010526315789473684,0.010526315789473684,200000,True,1.0
10,100,200,3,0.05,0.8,11444189008374148599,0.08421052631578947,0.014084507042253521,696000,True,0.6363894736842105
30,900,20,3,0.5,0.5,4763208804058743524,0.008888888888888889,0.002386634844868735,100000000,False,-1.0
30,900,400,3,0.5,0.5,13828456223304436163,0.0022222222222222222,0.0022222222222222222,1800002,True,1.0
10,100,2400,3,0.05,0.8,15771860684029456559,0.010526315789473684,0.010526315789473684,200000,True,1.0
30,900,800,3,0.5,0.5,7462898783811262880,0.0022222222222222222,0.0022222222222222222,1800002,True,0.9999822222222222
10,100,10,3,0.5,0.5,16685535971792654388,0.18,0.1111111111111111,177759,True,0.0
10,100,40,3,0.05,0.5,18040816124675989696,0.010526315789473684,0.010526315789473684,422708,True,1.0
30,900,120,3,0.5,0.2,5206017652021619510,0.0022222222222222222,0.0022222222222222222,1800000,True,1.0
40,1600,400,3,0.05,0.2,14376975477835970986,0.0006578947368421052,0.0006578947368421052,3200000,True,1.0
10,100,160,3,0.5,0.5,10653462200625812990,0.02,0.02,200000,True,1.0
30,900,20,3,0.05,0.2,5084452754244601163,0.0011695906432748538,0.0011695906432748538,1800000,True,1.0
40,1600,120,3,0.5,0.8,18266374071430139222,0.0175,0.004784688995215311,4073492,True,0.0
20,400,4800,3,0.5,0.2,5289214994576543682,0.005,0.005,800001,True,1.0
10,100,200,3,0.05,0.2,10187134270454076764,0.010526315789473684,0.010526315789473684,200000,True,1.0
20,400,160,3,0.5,0.2,8076633686627727374,0.005,0.005,800001,True,1.0
30,900,120,3,0.05,0.5,4513381749362413907,0.0011695906432748538,0.0011695906432748538,1800000,True,1.0
20,400,4800,3,0.05,0.8,11421175051483922051,0.002631578947368421,0.002631578947368421,800000,True,1.0
10,100,200,3,0.5,0.8,16973927961779666769,0.06,0.024390243902439025,215585,True,0.6799999999999998
10,100,200,3,0.5,0.5,2789610331997494893,0.02,0.02,200001,True,1.0
10,100,4800,3,0.5,0.5,7535531233873030003,0.02,0.02,200002,True,1.0
30,900,800,3,0.05,0.2,6139602393364843395,0.0011695906432748538,0.0011695906432748538,1800000,True,1.0
10,100,600,3,0.5,0.8,1278236203911286558,0.06,0.022222222222222223,235429,True,0.8200000000000002
30,900,160,3,0.5,0.8,12444360011329014358,0.02666666666666667,0.007874015748031496,3488579,True,0.035555555555555556
10,100,20,3,0.5,0.5,15968557404284054800,0.2,0.07692307692307693,520211,True,0.10536000000000001
10,100,300,3,0.05,0.2,15934596464079595364,0.010526315789473684,0.010526315789473684,200000,True,1.0
30,900,80,3,0.5,0.8,13248162055030044380,0.02,0.008547008547008548,2856451,True,0.0044444444444444444
40,1600,1600,3,0.05,0.5,13351702467881368862,0.0006578947368421052,0.0006578947368421052,3200000,True,1.0
40,1600,1600,3,0.5,0.5,7286887948175396579,0.00125,0.00125,3200000,True,1.0
20,400,1600,3,0.5,0.2,18296588128094694555,0.005,0.005,800000,True,1.0
30,900,120,3,0.5,0.8,14699119727495869432,0.02666666666666667,0.00819672131147541,3734473,True,0.011108888888888885
30,900,300,3,0.5,0.2,439100814534497252,0.0022222222222222222,0.0022222222222222222,1800000,True,1.0
40,1600,600,3,0.5,0.8,12804133124551672420,0.01,0.003378378378378378,13208673,True,0.08236000000000002
10,100,4800,3,0.5,0.5,11182726754387897941,0.02,0.02,200000,True,1.0
10,100,3200,3,0.05,0.8,3550907477984013933,0.010526315789473684,0.010526315789473684,200000,True,1.0
30,900,200,3,0.05,0.5,14374357931399301988,0.0011695906432748538,0.0011695906432748538,1800000,True,1.0
30,900,200,3,0.5,0.5,5098230686677872210,0.0022222222222222222,0.0022222222222222222,3492308,True,0.9999377777777777
40,1600,3200,3,0.05,0.5,1023186927841461863,0.0006578947368421052,0.0006578947368421052,3200000,True,1.0
20,400,600,3,0.05,0.5,9075045945830253920,0.002631578947368421,0.002631578947368421,800000,True,1.0
40,1600,80,3,0.5,0.5,851071810922417205,0.0075,0.0012642225031605561,100000000,False,-1.0
20,400,8000,3,0.5,0.8,14536784233441999400,0.01,0.005128205128205127,1573263,True,0.9499999999999997
20,400,200,3,0.05,0.8,4722605783125709243,0.05,0.008403361344537816,6087088,True,0.11621052631578944
40,1600,800,3,0.05,0.8,1364897002420836180,0.01381578947368421,0.0018796992481203009,100000000,False,-1.0
30,900,120,3,0.5,0.2,13149358766351654503,0.0022222222222222222,0.0022222222222222222,1800000,True,1.0
40,1600,200,3,0.05,0.8,4676245050314500454,0.02763157894736842,0.0049504950495049506,99133400,True,0.007894078947368419
10,100,80,3,0.05,0.8,13267357711503981950,0.09473684210526316,0.022222222222222223,625444,True,0.2911473684210526
30,900,800,3,0.5,0.8,392870677661599625,0.011111111111111112,0.003968253968253968,6069754,True,0.28888444444444433
20,400,3200,3,0.5,0.5,7270288878473954412,0.005,0.005,800000,True,1.0
40,1600,20,3,0.05,0.8,13322152409629004099,0.9046052631578947,0.058823529411764705,28933616,True,0.0
20,400,2400,3,0.05,0.2,17195754377908855169,0.002631578947368421,0.002631578947368421,800000,True,1.0
30,900,80,3,0.5,0.2,584971548672921576,0.0022222222222222222,0.0022222222222222222,1800002,True,1.0
40,1600,200,3,0.5,0.8,16438015306793652160,0.015,0.0045871559633027525,6795987,True,0.009465000000000003
40,1600,4800,3,0.5,0.2,8711119218568902046,0.00125,0.00125,3200000,True,1.0
10,100,800,3,0.5,0.5,3910191172501648779,0.02,0.02,200001,True,1.0
30,900,300,3,0.5,0.8,16699787256995689390,0.02,0.006369426751592356,4244024,True,0.06888666666666665
30,900,120,3,0.05,0.8,17143426386880867710,0.03625730994152047,0.008620689655172414,16466443,True,0.013070175438596485
10,100,20,3,0.5,0.8,16759396081950368044,0.18,0.07142857142857144,143224,True,0.0
20,400,600,3,0.5,0.2,10030226261041861782,0.005,0.005,800002,True,1.0
20,400,800,3,0.05,0.8,13246708016802608829,0.005263157894736842,0.002645502645502646,986974,True,0.998121052631579
10,100,300,3,0.5,0.8,3968841425567078066,0.06,0.026315789473684213,257199,True,0.5600000000000003
30,900,120,3,0.5,0.8,14667508641726671862,0.02,0.008,3393216,True,0.008888888888888889
10,100,1600,3,0.5,0.5,8446860060958132074,0.02,0.02,200001,True,1.0
30,900,1200,3,0.5,0.8,14281313684055038406,0.011111111111111112,0.003378378378378378,6152383,True,0.4177733333333333
40,1600,800,3,0.05,0.8,13090667873534609082,0.0013157894736842105,0.0006583278472679395,3200000,True,0.9993019736842105
30,900,8000,3,0.05,0.2,2989741347255423938,0.0011695906432748538,0.0011695906432748538,1800000,True,1.0
10,100,2400,3,0.05,0.8,16889293214789148619,0.010526315789473684,0.010526315789473684,200000,True,1.0
30,900,1600,3,0.5,0.8,4363116802460343790,0.011111111111111112,0.003115264797507788,7205100,True,0.5096399999999999
10,100,8000,3,0.5,0.2,2743657379331410811,0.02,0.02,200000,True,1.0
10,100,1600,3,0.05,0.2,1413760841017169649,0.010526315789473684,0.010526315789473684,200000,True,1.0
20,400,3200,3,0.05,0.8,14599711718139084420,0.002631578947368421,0.002631578947368421,800000,True,0.9999947368421053
10,100,1200,3,0.5,0.2,9775579437939078852,0.02,0.02,200000,True,1.0
40,1600,80,3,0.5,0.2,6111483977793805673,0.00125,0.00125,3200000,True,1.0
10,100,600,3,0.5,0.5,16002938717782974587,0.02,0.02,200000,True,1.0
30,900,1600,3,0.05,0.2,5505019531626607860,0.0011695906432748538,0.0011695906432748538,1800000,True,1.0
30,900,1600,3,0.05,0.5,17621875311761399481,0.0011695906432748538,0.0011695906432748538,1800000,True,1.0
10,100,20,3,0.5,0.5,2831808623153349469,0.2,0.08333333333333334,630622,True,0.12240000000000006
20,400,120,3,0.5,0.2,12427854185866559149,0.005,0.005,800001,True,1.0
10,100,160,3,0.5,0.8,14574815617093772667,0.08,0.026315789473684213,240369,True,0.5799999999999998
40,1600,80,3,0.5,0.2,17961921438957017438,0.00125,0.00125,3200003,True,1.0
20,400,4800,3,0.05,0.2,4317449611351938760,0.002631578947368421,0.002631578947368421,800001,True,1.0
30,900,3200,3,0.5,0.2,15607373380080130758,0.0022222222222222222,0.0022222222222222222,1800002,True,1.0
40,1600,80,3,0.5,0.2,8774683098749053032,0.00125,0.00125,3200000,True,1.0
20,400,160,3,0.05,0.2,9702295743650417485,0.002631578947368421,0.002631578947368421,800000,True,1.0
30,900,600,3,0.05,0.2,17277976896409875138,0.0011695906432748538,0.0011695906432748538,1800000,True,1.0
20,400,120,3,0.5,0.8,12150870244096529374,0.04,0.015384615384615385,1170735,True,0.06499999999999997
40,1600,800,3,0.05,0.5,17008187340026558838,0.0006578947368421052,0.0006578947368421052,3200000,True,1.0
40,1600,4800,3,0.5,0.5,14523872498579600100,0.00125,0.00125,3200000,True,1.0
20,400,800,3,0.05,0.8,10240566806778948419,0.015789473684210527,0.003144654088050314,12853316,True,0.7413947368421054
10,100,800,3,0.5,0.2,4612700425904997215,0.02,0.02,200001,True,1.0
20,400,400,3,0.5,0.2,8507430994468457424,0.005,0.005,800002,True,1.0
10,100,8000,3,0.05,0.5,1903123891212561810,0.010526315789473684,0.010526315789473684,200000,True,1.0
20,400,800,3,0.05,0.5,12910822924986000932,0.002631578947368421,0.002631578947368421,800000,True,1.0
10,100,120,3,0.5,0.8,3485389516899971254,0.1,0.034482758620689655,237869,True,0.2999999999999999
30,900,120,3,0.5,0.5,7315926379708718527,0.0044444444444444444,0.0022271714922048997,15354161,True,0.9982444444444444
40,1600,80,3,0.05,0.8,8165873244015190066,0.05197368421052632,0.008620689655172414,21676185,True,0.0006578947368421056
30,900,120,3,0.05,0.2,9889310062942302811,0.0011695906432748538,0.0011695906432748538,1800000,True,1.0
10,100,300,3,0.5,0.8,14580880674041828357,0.06,0.024390243902439025,296640,True,0.66
20,400,2400,3,0.05,0.5,4501856511998937222,0.002631578947368421,0.002631578947368421,800000,True,1.0
20,400,8000,3,0.5,0.2,3318014572318969211,0.005,0.005,800007,True,1.0
10,100,120,3,0.5,0.5,109979917286585338,0.02,0.02,200000,True,1.0
10,100,1200,3,0.05,0.2,5329908272380800610,0.010526315789473684,0.010526315789473684,200000,True,1.0
10,100,3200,3,0.5,0.2,3387266832529587399,0.02,0.02,200001,True,1.0
30,900,1200,3,0.5,0.5,379567410332947023,0.0022222222222222222,0.0022222222222222222,1800000,True,1.0
30,900,8000,3,0.05,0.2,693597869230756351,0.0011695906432748538,0.0011695906432748538,1800000,True,1.0
40,1600,1200,3,0.5,0.2,14509475851260888309,0.00125,0.00125,3200000,True,1.0
40,1600,20,3,0.5,0.5,8904309871496710558,0.0025,0.0012820512820512818,100000000,False,-1.0
10,100,1200,3,0.5,0.5,9114921134816080068,0.02,0.02,200000,True,1.0
20,400,1600,3,0.5,0.2,2463017227623582269,0.005,0.005,800010,True,1.0
10,100,3200,3,0.5,0.8,1689337805508609133,0.02,0.02,200000,True,1.0
30,900,800,3,0.5,0.2,578807589594598603,0.0022222222222222222,0.0022222222222222222,1800002,True,1.0
10,100,800,3,0.05,0.5,8369850137268011933,0.010526315789473684,0.010526315789473684,200000,True,1.0
40,1600,2400,3,0.5,0.5,5195710607012787718,0.00125,0.00125,3200000,True,1.0
40,1600,400,3,0.05,0.8,11456935818400286422,0.021052631578947368,0.0033003300330033004,100000000,False,-1.0
10,100,4800,3,0.05,0.5,14381742190479958850,0.010526315789473684,0.010526315789473684,200000,True,1.0
30,900,120,3,0.5,0.5,6283102105835646546,0.0022222222222222222,0.0022222222222222222,5446012,True,0.9994266666666666
40,1600,400,3,0.05,0.5,18061565656164589888,0.0006578947368421052,0.0006578947368421052,3200000,True,1.0
40,1600,10,3,0.05,0.5,1831086970093677906,0.0013157894736842105,0.0006596306068601583,100000000,False,-1.0
20,400,200,3,0.05,0.2,10703950799677080516,0.002631578947368421,0.002631578947368421,800000,True,1.0
10,100,160,3,0.05,0.8,6246164840041756380,0.05263157894736842,0.015151515151515152,810819,True,0.5473684210526317
30,900,2400,3,0.05,0.8,15738661216955579631,0.0011695906432748538,0.0011695906432748538,1985545,True,0.999995321637427
30,900,8000,3,0.5,0.2,3036050225748457295,0.0022222222222222222,0.0022222222222222222,1800004,True,1.0
30,900,2400,3,0.5,0.2,5353375628973106287,0.0022222222222222222,0.0022222222222222222,1800001,True,1.0
30,900,200,3,0.5,0.5,14865665087815335094,0.0022222222222222222,0.0022222222222222222,3173888,True,0.9998266666666666
20,400,200,3,0.5,0.8,3356119816147547904,0.03,0.01098901098901099,1486428,True,0.14999499999999993
10,100,4800,3,0.5,0.5,559899551079581874,0.02,0.02,200001,True,1.0
20,400,600,3,0.05,0.5,3748565690291094519,0.002631578947368421,0.002631578947368421,800000,True,1.0
10,100,4800,3,0.5,0.2,7034916462555030584,0.02,0.02,200001,True,1.0
10,100,1600,3,0.5,0.8,13091965052345831222,0.04,0.02127659574468085,222703,True,0.8800000000000002
40,1600,300,3,0.5,0.8,5651255743734972433,0.0125,0.004329004329004329,8950673,True,0.023749999999999997
40,1600,20,3,0.5,0.5,17680822548203535808,0.0025,0.0012738853503184713,100000000,False,-1.0
30,900,4800,3,0.5,0.2,13167564984304295897,0.0022222222222222222,0.0022222222222222222,1800004,True,1.0
40,1600,80,3,0.05,0.8,16838422097333148630,0.08355263157894736,0.008403361344537816,22504012,True,0.0013144736842105268
30,900,400,3,0.05,0.2,4938424972374188109,0.0011695906432748538,0.0011695906432748538,1800000,True,1.0
30,900,4800,3,0.5,0.8,16383313351552465190,0.008888888888888889,0.0024271844660194173,4025392,True,0.8498333333333334
40,1600,120,3,0.5,0.8,8338869526883776061,0.0175,0.005,5393126,True,0.0
10,100,2400,3,0.5,0.8,7811261953042255484,0.02,0.02,200000,True,1.0
30,900,800,3,0.05,0.2,17588995645648321519,0.0011695906432748538,0.0011695906432748538,1800000,True,1.0
30,900,40,3,0.5,0.2,7378099519596070159,0.0022222222222222222,0.0022222222222222222,1800001,True,0.9999977777777778
20,400,1600,3,0.05,0.5,2441302493403768025,0.002631578947368421,0.002631578947368421,800000,True,1.0
30,900,600,3,0.5,0.5,7849737553031582862,0.0022222222222222222,0.0022222222222222222,1800003,True,1.0
10,100,3200,3,0.5,0.8,15505277412336569136,0.04,0.020833333333333336,226838,True,0.9200000000000002
40,1600,1200,3,0.5,0.8,15754240201785781572,0.0075,0.002457002457002457,18319800,True,0.22624749999999993
20,400,20,3,0.5,0.2,10941213252073131103,0.005,0.005,800004,True,0.99991
30,900,80,3,0.05,0.5,12890809710047159534,0.0011695906432748538,0.0011695906432748538,1800000,True,0.9999988304093568
40,1600,20,3,0.05,0.5,13374672325564122479,0.0013157894736842105,0.0006587615283267457,100000000,False,-1.0
30,900,3200,3,0.5,0.2,3243390224044363485,0.0022222222222222222,0.0022222222222222222,1800000,True,1.0
10,100,4800,3,0.5,0.2,17326718420298008836,0.02,0.02,200002,True,1.0
20,400,800,3,0.05,0.8,2513621917855040472,0.005263157894736842,0.002638522427440633,1041172,True,0.9972947368421053
20,400,2400,3,0.5,0.2,7629103255363909819,0.005,0.005,800004,True,1.0
40,1600,3200,3,0.5,0.8,6221852962586251156,0.00625,0.0017123287671232876,15618940,True,0.5190274999999999
30,900,800,3,0.05,0.5,6540979552401228484,0.0011695906432748538,0.0011695906432748538,1800000,True,1.0
10,100,80,3,0.5,0.8,14651193726515940809,0.14,0.03571428571428572,227071,True,0.4000000000000001
40,1600,400,3,0.5,0.8,11413436144684182968,0.01375,0.00390625,10248616,True,0.051078750000000006
20,400,300,3,0.5,0.2,4982910388732576667,0.005,0.005,800000,True,1.0
10,100,120,3,0.5,0.8,8958274312384614334,0.06,0.034482758620689655,261269,True,0.28000000000000014
40,1600,3200,3,0.5,0.8,8882997661119765060,0.0075,0.0017421602787456448,19980857,True,0.5075000000000001
30,900,160,3,0.05,0.8,10936540452619759954,0.031578947368421054,0.007751937984496124,34848333,True,0.01052631578947369
20,400,8000,3,0.5,0.2,9192384200899983710,0.005,0.005,800000,True,1.0
40,1600,200,3,0.05,0.5,14809639878254340428,0.0006578947368421052,0.0006578947368421052,3200000,True,1.0
20,400,400,3,0.05,0.2,11985476552748126408,0.002631578947368421,0.002631578947368421,800000,True,1.0
30,900,40,3,0.05,0.2,7736210291918918876,0.0011695906432748538,0.0011695906432748538,1800000,True,1.0
10,100,10,3,0.5,0.8,18367124266951349306,0.18,0.07692307692307693,110579,True,0.0
10,100,200,3,0.5,0.2,9471687354244992873,0.02,0.02,200001,True,1.0
30,900,800,3,0.05,0.8,15361472874549176638,0.012865497076023392,0.002032520325203252,67510273,True,0.426412865497076
10,100,2400,3,0.05,0.8,7307309060273636023,0.010526315789473684,0.010526315789473684,200000,True,1.0
40,1600,120,3,0.05,0.5,4802047453219542666,0.0006578947368421052,0.0006578947368421052,3200000,True,1.0
20,400,3200,3,0.5,0.8,12993567574473151587,0.015,0.005376344086021505,1721754,True,0.8699999999999998
30,900,600,3,0.05,0.2,9769141540895307803,0.0011695906432748538,0.0011695906432748538,1800000,True,1.0
40,1600,400,3,0.5,0.8,2619869775893236649,0.01,0.0038759689922480624,10674782,True,0.039996250000000004
30,900,600,3,0.5,0.8,6264464929356562980,0.013333333333333334,0.004464285714285715,6504045,True,0.2066666666666666
20,400,300,3,0.05,0.2,6999111893552974810,0.002631578947368421,0.002631578947368421,800000,True,1.0
30,900,1600,3,0.5,0.8,1417640170154256197,0.011111111111111112,0.0031746031746031746,7038707,True,0.48666666666666664
30,900,3200,3,0.05,0.5,883920583134544627,0.0011695906432748538,0.0011695906432748538,1800000,True,1.0
10,100,10,3,0.05,0.8,1221037742331538779,0.3157894736842105,0.1111111111111111,134313,True,0.0
40,1600,80,3,0.5,0.8,13054249255703997620,0.015,0.005050505050505051,3917590,True,0.0
30,900,120,3,0.05,0.8,18142732682997244413,0.04327485380116959,0.00909090909090909,69928484,True,0.012865497076023386
10,100,2400,3,0.05,0.8,14419644758644543079,0.010526315789473684,0.010526315789473684,200000,True,1.0
30,900,2400,3,0.05,0.5,18267733244252236944,0.0011695906432748538,0.0011695906432748538,1800000,True,1.0
30,900,3200,3,0.05,0.8,2439543075178640042,0.0011695906432748538,0.0011695906432748538,1800000,True,0.9999988304093568
40,1600,120,3,0.05,0.8,14273370626205555101,0.04342105263157895,0.006802721088435375,31267984,True,0.005921052631578948
20,400,3200,3,0.05,0.8,5788357102046793334,0.002631578947368421,0.002631578947368421,800000,True,0.999978947368421
20,400,3200,3,0.05,0.8,6263009903730005654,0.002631578947368421,0.002631578947368421,800000,True,0.9999973684210527
20,400,1600,3,0.05,0.8,9437175453040327518,0.002631578947368421,0.002631578947368421,800000,True,1.0
40,1600,3200,3,0.5,0.2,1197738389083891697,0.00125,0.00125,3200002,True,1.0
40,1600,40,3,0.05,0.5,12246503666837664524,0.0013157894736842105,0.0006587615283267457,85571026,True,0.999983552631579
30,900,1200,3,0.5,0.8,15634436168592977623,0.011111111111111112,0.0034129692832764505,5881993,True,0.38444444444444437
40,1600,20,3,0.5,0.8,15777764847529462489,0.0175,0.005747126436781609,1890586,True,0.0
30,900,160,3,0.05,0.5,3333458795334288486,0.0011695906432748538,0.0011695906432748538,1800000,True,0.9999988304093568
30,900,200,3,0.05,0.5,13354100264869723068,0.0011695906432748538,0.0011695906432748538,1800000,True,1.0
40,1600,200,3,0.05,0.5,8068415649706616356,0.0006578947368421052,0.0006578947368421052,3200000,True,1.0
10,100,20,3,0.05,0.5,7085765456548912492,0.010526315789473684,0.010526315789473684,366084,True,0.9999263157894737
10,100,4800,3,0.5,0.2,16019193538924810331,0.02,0.02,200000,True,1.0
20,400,120,3,0.05,0.5,2126044685872760751,0.002631578947368421,0.002631578947368421,800000,True,1.0
40,1600,3200,3,0.05,0.8,2080149515735022802,0.0013157894736842105,0.0006583278472679395,3869066,True,0.9999361842105263
40,1600,10,3,0.05,0.5,10337554977566045792,0.0013157894736842105,0.0006591957811470007,100000000,False,-1.0
30,900,120,3,0.05,0.5,4070620600941980418,0.0011695906432748538,0.0011695906432748538,1800000,True,1.0
30,900,1200,3,0.05,0.2,9201633169586901517,0.0011695906432748538,0.0011695906432748538,1800000,True,1.0
30,900,10,3,0.05,0.2,6265526436428935509,0.0011695906432748538,0.0011695906432748538,1800000,True,1.0
30,900,600,3,0.5,0.2,5137745602736478627,0.0022222222222222222,0.0022222222222222222,1800001,True,1.0
40,1600,1200,3,0.05,0.5,1726157954252537433,0.0006578947368421052,0.0006578947368421052,3200000,True,1.0
30,900,120,3,0.05,0.8,3469443703768606259,0.04912280701754386,0.009009009009009009,21438349,True,0.01052631578947369
20,400,10,3,0.5,0.5,9149496021720908125,0.19,0.0625,3309164,True,0.0
30,900,80,3,0.5,0.8,17599222934194733713,0.024444444444444446,0.008547008547008548,2841237,True,0.004626666666666667
10,100,600,3,0.05,0.5,955308806747443861,0.010526315789473684,0.010526315789473684,200000,True,1.0
10,100,600,3,0.05,0.2,5945454954594772067,0.010526315789473684,0.010526315789473684,200000,True,1.0
10,100,4800,3,0.05,0.2,3468183375635402211,0.010526315789473684,0.010526315789473684,200000,True,1.0
30,900,80,3,0.05,0.5,12183286713812435921,0.0011695906432748538,0.0011695906432748538,1800000,True,0.9999976608187134
20,400,120,3,0.05,0.5,13471810161851445894,0.002631578947368421,0.002631578947368421,800000,True,1.0
40,1600,1200,3,0.05,0.5,8353041615725854974,0.0006578947368421052,0.0006578947368421052,3200000,True,1.0
40,1600,8000,3,0.05,0.8,13460687733034100996,0.0006578947368421052,0.0006578947368421052,3200000,True,1.0
30,900,300,3,0.5,0.5,12029819396517985984,0.0022222222222222222,0.0022222222222222222,1958412,True,0.9999822222222222
40,1600,20,3,0.5,0.5,14278405818042026063,0.00375,0.0012787723785166241,100000000,False,-1.0
20,400,40,3,0.5,0.5,716197642933592169,0.13,0.03571428571428572,8196312,True,0.06306500000000001
10,100,1200,3,0.05,0.8,17763541351257645553,0.010526315789473684,0.010526315789473684,200000,True,1.0
20,400,400,3,0.05,0.2,7703976760193542360,0.002631578947368421,0.002631578947368421,800000,True,1.0
30,900,80,3,0.5,0.5,7337736071635203374,0.10444444444444445,0.021276595744680854,94157317,True,0.038060000000000004
20,400,8000,3,0.5,0.2,2171432968366457072,0.005,0.005,800001,True,1.0
20,400,160,3,0.05,0.5,6040467102180596478,0.002631578947368421,0.002631578947368421,800000,True,1.0
30,900,3200,3,0.5,0.2,11817998443729817436,0.0022222222222222222,0.0022222222222222222,1800000,True,1.0
20,400,8000,3,0.5,0.5,17178337311527715729,0.005,0.005,800002,True,1.0
30,900,800,3,0.05,0.5,10151169517998719360,0.0011695906432748538,0.0011695906432748538,1800000,True,1.0
40,1600,3200,3,0.5,0.2,8523598670258703843,0.00125,0.00125,3200000,True,1.0
10,100,3200,3,0.05,0.5,6174504696742060496,0.010526315789473684,0.010526315789473684,200001,True,1.0
40,1600,600,3,0.5,0.8,18317440190315707743,0.01125,0.003378378378378378,10904710,True,0.08244125
20,400,80,3,0.5,0.2,1573517158029611401,0.005,0.005,800000,True,1.0
10,100,80,3,0.5,0.5,1099026835901983596,0.02,0.02,200000,True,1.0
40,1600,160,3,0.5,0.2,1889546019041550943,0.00125,0.00125,3200001,True,1.0
30,900,2400,3,0.5,0.5,17773144027184377453,0.0022222222222222222,0.0022222222222222222,1800000,True,1.0
10,100,120,3,0.5,0.2,15575941391551713298,0.02,0.02,200001,True,1.0
40,1600,10,3,0.05,0.5,8551432185315010229,0.0013157894736842105,0.00066006600660066,100000000,False,-1.0
40,1600,80,3,0.05,0.5,7140030411421693625,0.0006578947368421052,0.0006578947368421052,3200000,True,0.9999986842105263
30,900,300,3,0.5,0.5,15651535673258657387,0.0022222222222222222,0.0022222222222222222,3636287,True,0.9998355555555555
20,400,400,3,0.05,0.8,16174684748150551438,0.031578947368421054,0.004854368932038835,12855864,True,0.36842105263157887
20,400,1600,3,0.5,0.8,10367084543733671769,0.015,0.005813953488372093,2111483,True,0.7251949999999997
10,100,3200,3,0.5,0.8,16901294304293167567,0.04,0.020408163265306124,243979,True,0.9600000000000004
20,400,80,3,0.5,0.8,13077889920790083737,0.045,0.01818181818181818,1092491,True,0.01
30,900,1600,3,0.5,0.2,12048992626274608180,0.0022222222222222222,0.0022222222222222222,1800000,True,1.0
30,900,300,3,0.05,0.8,16824174956306862306,0.022222222222222223,0.0047619047619047615,68216359,True,0.05961637426900583
40,1600,400,3,0.05,0.2,12449069062192543637,0.0006578947368421052,0.0006578947368421052,3200000,True,1.0
20,400,3200,3,0.05,0.5,12695541275678369741,0.002631578947368421,0.002631578947368421,800000,True,1.0
40,1600,400,3,0.05,0.2,7431762802700976292,0.0006578947368421052,0.0006578947368421052,3200000,True,1.0
10,100,8000,3,0.05,0.8,16036744343213257340,0.010526315789473684,0.010526315789473684,200000,True,1.0
20,400,4800,3,0.05,0.5,18005353654131361690,0.002631578947368421,0.002631578947368421,800000,True,1.0
10,100,2400,3,0.5,0.8,1289925621333009957,0.04,0.020408163265306124,212832,True,0.9600000000000004
30,900,40,3,0.05,0.8,17308963509145309830,0.07602339181286549,0.01818181818181818,3988084,True,0.0
40,1600,800,3,0.05,0.8,15770067629039211704,0.015131578947368421,0.001865671641791045,100000000,False,-1.0
30,900,300,3,0.5,0.2,16437342292468657070,0.0022222222222222222,0.0022222222222222222,1800002,True,1.0
40,1600,4800,3,0.05,0.8,2118628053221785909,0.0006578947368421052,0.0006578947368421052,3200000,True,1.0
30,900,200,3,0.5,0.5,169765101862800282,0.0022222222222222222,0.0022222222222222222,3813450,True,0.9997777777777779
20,400,10,3,0.5,0.8,7438252425563129235,0.085,0.023809523809523808,481148,True,0.0
10,100,20,3,0.05,0.5,11937803230663844233,0.021052631578947368,0.010638297872340427,1900497,True,0.9997684210526315
20,400,10,3,0.05,0.2,11298141177815137392,0.005263157894736842,0.002645502645502646,800001,True,0.9999973684210527
10,100,120,3,0.5,0.8,13610725789028008343,0.06,0.03333333333333333,241883,True,0.2599999999999999
20,400,8000,3,0.5,0.5,12070340024065892488,0.005,0.005,800001,True,1.0
40,1600,40,3,0.05,0.2,16988124869497968351,0.0006578947368421052,0.0006578947368421052,3200000,True,1.0
20,400,20,3,0.5,0.8,8558178382409714445,0.07,0.021739130434782608,450114,True,0.0
40,1600,120,3,0.05,0.2,13427809048019401483,0.0006578947368421052,0.0006578947368421052,3200000,True,1.0
30,900,600,3,0.5,0.2,14470349566818344952,0.0022222222222222222,0.0022222222222222222,1800000,True,1.0
20,400,300,3,0.5,0.5,8138623025246973529,0.005,0.005,1139090,True,0.999885
20,400,2400,3,0.5,0.5,113928669165733230,0.005,0.005,800000,True,1.0
20,400,120,3,0.5,0.8,12906097558715701815,0.04,0.014705882352941178,1200794,True,0.05000000000000001
20,400,40,3,0.5,0.5,2303707612712549985,0.155,0.045454545454545456,8993836,True,0.010530000000000001
40,1600,3200,3,0.5,0.5,4770632713547428696,0.00125,0.00125,3200000,True,1.0
10,100,600,3,0.5,0.5,12464265601784475715,0.02,0.02,200000,True,1.0
40,1600,8000,3,0.5,0.5,252908863088525855,0.00125,0.00125,3200001,True,1.0
10,100,200,3,0.05,0.5,18325762477730167104,0.010526315789473684,0.010526315789473684,200000,True,1.0
10,100,1200,3,0.5,0.2,12438773083556175761,0.02,0.02,200001,True,1.0
20,400,10,3,0.05,0.8,9768377574513498917,0.9815789473684211,0.33333333333333337,1227443,True,0.0
30,900,10,3,0.05,0.5,12464105068247564992,0.0011695906432748538,0.0011695906432748538,100000000,False,-1.0
40,1600,1600,3,0.05,0.8,165293728225695754,0.0013157894736842105,0.0006583278472679395,5077880,True,0.9986796052631576
20,400,3200,3,0.05,0.2,2497575172839957376,0.002631578947368421,0.002631578947368421,800000,True,1.0
30,900,8000,3,0.05,0.5,1467392556524682035,0.0011695906432748538,0.0011695906432748538,1800000,True,1.0
